"Name","State","Notes","User","Tags","Created","Runtime","Sweep","batch_size","data_augmentation","fake_data_length","method","model_name","parameters.batch_sizes","parameters.data_augmentations","parameters.fake_data_lengths","parameters.model_names","parameters.pinball_loss_usages","parameters.scaler_names","parameters.seeds","parameters.testing_stages","pinball_loss_usage","scaler_name","seed","testing_stage","Coverage_0.90","Coverage_Error_0.90","Pinball_0.05","Pinball_0.50","Pinball_0.95","Sharpness_0.90","epoch/epoch","epoch/learning_rate","epoch/loss","epoch/mae","epoch/mape","epoch/mse","epoch/val_loss","epoch/val_mae","epoch/val_mape","epoch/val_mse","val_MAE","val_MASE","val_MSE","val_R2","val_RMSE","val_SMAPE"
"LSTM-standard-bs64-augTrue--seed777--fake_data_length1---pinball_loss_usageTrue---testing_stageTrue","finished","-","","","2025-10-24T03:11:19.000Z","4826","7rxu8gd0","64","true","1","","LSTM","","","","","","","","","true","standard","777","true","0.6910362364907819","-0.20896376350921808","0.28567243222590094","5.098701788854974","0.7903015122925947","16.153385162353516","14","0.0010000000474974513","0.017457881942391396","0.28092414140701294","241.42269897460935","0.14480316638946533","0.013424161821603777","0.2588593661785126","45.33192443847656","0.08149991184473038","1.6337807504371404","3.719332735414353","3.883754100908979","0.32578944184649994","1.9707242579592352","16.686851412715704"
"LSTM-standard-bs64-augTrue--seed2021--fake_data_length1---pinball_loss_usageTrue---testing_stageTrue","finished","-","","","2025-10-24T01:54:20.000Z","4616","7rxu8gd0","64","true","1","","LSTM","","","","","","","","","true","standard","2021","true","0.8162746344564527","-0.08372536554354737","0.1264036096817206","5.080379059853225","0.7565303004174504","15.744736671447754","14","0.0010000000474974513","0.018197014927864075","0.2859785854816437","268.0804443359375","0.15146134793758392","0.01221582479774952","0.22666218876838684","36.339149475097656","0.06558506935834885","1.8278065440159124","4.161036119041065","4.825636780490641","0.1622808286293962","2.196733206488817","18.320523864594097"
"BiLSTM-standard-bs64-augFalse--seed1234--fake_data_length0---pinball_loss_usageTrue---testing_stageTrue","finished","-","","","2025-10-24T00:47:17.000Z","2815","4a68yrbt","64","false","0","","BiLSTM","","","","","","","","","true","standard","1234","true","0.9357914812460268","0.03579148124602671","0.09729120443372004","5.130497721948076","0.35842040452090207","8.231801986694336","14","0.004000000189989805","0.015355288982391356","0.24273253977298737","187.6568145751953","0.09410302340984344","0.013398083858191969","0.26658833026885986","45.279579162597656","0.08026041835546494","1.0058385357308068","2.289810423757203","1.5845030832518772","0.7249339993216459","1.2587704648790727","11.024038707747346"
"LSTM-standard-bs64-augTrue--seed1234--fake_data_length1---pinball_loss_usageTrue---testing_stageTrue","finished","-","","","2025-10-24T00:21:05.000Z","5594","7rxu8gd0","64","true","1","","LSTM","","","","","","","","","true","standard","1234","true","0.933248569612206","0.0332485696122059","0.09188257923417234","5.059924995745736","0.4274724581100652","9.45607852935791","14","0.0010000000474974513","0.016867563128471375","0.27381837368011475","231.08236694335935","0.1357641965150833","0.010773558169603348","0.19643469154834747","28.94773292541504","0.051475320011377335","2.1968343874791287","5.001134974474919","6.288508564526691","-0.09167026518241728","2.507689886035889","21.70172461230276"
"LSTM-standard-bs64-augTrue--seed4242--fake_data_length1---pinball_loss_usageTrue---testing_stageTrue","finished","-","","","2025-10-23T23:00:58.000Z","4806","7rxu8gd0","64","true","1","","LSTM","","","","","","","","","true","standard","4242","true","0.9383343928798474","0.03833439287984741","0.0921606442538781","5.095182839955854","0.55470332121743","12.071033477783203","14","0.0010000000474974513","0.017289768904447556","0.27583178877830505","227.94140625","0.13994130492210388","0.013894290663301945","0.27514025568962097","49.71517181396485","0.09209920465946198","1.6957293541963436","3.8603599018889048","4.2226099812172455","0.2669648596869958","2.05489901971295","17.15263143644396"
"LSTM-standard-bs64-augTrue--seed42--fake_data_length1---pinball_loss_usageTrue---testing_stageTrue","finished","-","","","2025-10-23T21:23:28.000Z","5848","7rxu8gd0","64","true","1","","LSTM","","","","","","","","","true","standard","42","true","0.8378893833439288","-0.062110616656071205","0.12349339855452368","5.049994588042423","0.534306898635433","11.33969020843506","14","0.0010000000474974513","0.017396708950400352","0.2778530418872833","238.18743896484375","0.1489505171775818","0.0195060633122921","0.38333016633987427","81.65689086914062","0.25283151865005493","2.3687216839969194","5.392439651414856","7.567116554879326","-0.31363359870896956","2.7508392455538595","22.85670485572287"
"LSTM-standard-bs64-augTrue--seed777--fake_data_length0.75---pinball_loss_usageTrue---testing_stageTrue","finished","-","","","2025-10-23T20:15:26.000Z","4080","7rxu8gd0","64","true","0.75","","LSTM","","","","","","","","","true","standard","777","true","0.6923076923076923","-0.20769230769230773","0.18781387983274855","5.091895926917074","0.48342011302273863","10.049639701843262","14","0.0010000000474974513","0.018132006749510765","0.29002341628074646","247.81309509277344","0.15680597722530365","0.01349174976348877","0.26415809988975525","36.29311752319336","0.08882280439138412","1.6983770887638003","3.866387519639203","4.089987525138811","0.28998780547941905","2.022371757402385","17.44123244098843"
"LSTM-standard-bs64-augTrue--seed2021--fake_data_length0.75---pinball_loss_usageTrue---testing_stageTrue","finished","-","","","2025-10-23T18:50:44.000Z","5082","7rxu8gd0","64","true","0.75","","LSTM","","","","","","","","","true","standard","2021","true","0.8919262555626192","-0.008073744437380848","0.0996659508686648","5.0950981538422475","0.5029853748350639","10.853787422180176","14","0.0010000000474974513","0.017880501225590706","0.2876940369606018","247.25189208984375","0.15723556280136108","0.022631296887993813","0.4516868591308594","99.26548767089844","0.27417734265327454","1.6516312676785634","3.759969775055283","3.9622419131477886","0.31216414263268266","1.9905380963819277","16.815827706344038"
"LSTM-standard-bs64-augTrue--seed1234--fake_data_length0.75---pinball_loss_usageTrue---testing_stageTrue","finished","-","","","2025-10-23T17:15:16.000Z","5727","7rxu8gd0","64","true","0.75","","LSTM","","","","","","","","","true","standard","1234","true","0.736808645899555","-0.16319135410044505","0.3858327448481749","5.0781575262461285","0.540251588260605","11.100737571716309","14","0.0010000000474974513","0.017735078930854797","0.28677117824554443","249.66160583496097","0.15043798089027405","0.015468777157366276","0.2981452941894531","47.13636779785156","0.11105892062187196","1.915564408214397","4.360818554362413","5.056163363835144","0.12226195709745746","2.248591417718022","19.079263225497183"
"LSTM-standard-bs64-augTrue--seed4242--fake_data_length0.75---pinball_loss_usageTrue---testing_stageTrue","finished","-","","","2025-10-23T15:59:10.000Z","4561","7rxu8gd0","64","true","0.75","","LSTM","","","","","","","","","true","standard","4242","true","0.7933884297520661","-0.10661157024793388","0.1403447928962174","5.087619878553584","0.4901043163009765","10.353848457336426","14","0.0010000000474974513","0.01809960976243019","0.29311034083366394","281.31048583984375","0.16250716149806976","0.012537600472569466","0.2354983687400818","38.235965728759766","0.0717436820268631","1.7273769060366486","3.932406151377323","4.261747308576642","0.260170711901625","2.064399987545205","17.286707914796846"
"BiLSTM-standard-bs64-augFalse--seed777--fake_data_length0---pinball_loss_usageTrue---testing_stageTrue","finished","-","","","2025-10-23T14:28:27.000Z","3966","gay2zs84","64","false","0","","BiLSTM","","","","","","","","","true","standard","777","true","0.9287984742530198","0.028798474253019735","0.09660891141773258","5.106385478693625","0.2652094400239766","6.279748439788818","14","0.004000000189989805","0.015613128431141376","0.24914918839931488","243.9577789306641","0.09837435185909273","0.01225858088582754","0.2417759001255035","48.49063491821289","0.0657392367720604","1.3565721616423667","3.088262147413759","3.2975024329535483","0.42756134964523074","1.8159026496355877","12.69082155142143"
"LSTM-standard-bs64-augTrue--seed42--fake_data_length0.75---pinball_loss_usageTrue---testing_stageTrue","finished","-","","","2025-10-23T14:24:15.000Z","5694","7rxu8gd0","64","true","0.75","","LSTM","","","","","","","","","true","standard","42","true","0.6217418944691672","-0.27825810553083286","0.27789910497441084","5.088454043371449","0.3888975595867114","7.9831767082214355","14","0.0010000000474974513","0.018389616161584858","0.29512202739715576","260.8636474609375","0.15912069380283356","0.013239982537925243","0.2577695846557617","39.351341247558594","0.08450444787740707","1.7146526195407292","3.90343907284711","4.070608013835139","0.2933520429654465","2.0175747851901646","17.507918019204325"
"LSTM-standard-bs64-augFalse--seed777--fake_data_length0---pinball_loss_usageTrue---testing_stageTrue","finished","-","","","2025-10-23T13:10:40.000Z","4135","kentcfot","64","false","0","","LSTM","","","","","","","","","true","standard","777","true","0.82453909726637","-0.07546090273363004","0.29695699405154835","5.087144397891281","0.6048560864441883","12.62723159790039","14","0.0010000000474974513","0.02108539640903473","0.3396492898464203","272.5339050292969","0.20769621431827545","0.015187005512416364","0.2883940637111664","59.13004684448242","0.1003214493393898","1.8217765401293349","4.147308701305226","5.060370570866572","0.12153159587292428","2.249526743754466","17.3307585635864"
"BiLSTM-standard-bs64-augFalse--seed2021--fake_data_length0---pinball_loss_usageTrue---testing_stageTrue","finished","-","","","2025-10-23T13:02:04.000Z","5180","gay2zs84","64","false","0","","BiLSTM","","","","","","","","","true","standard","2021","true","0.9357914812460268","0.03579148124602671","0.1065877641528106","5.129578433766871","0.24241538422166828","5.999144554138184","14","0.004000000189989805","0.01500167604535818","0.23633183538913727","203.0056610107422","0.0853760614991188","0.01601124368607998","0.3147191107273102","60.417724609375","0.11089532822370528","1.1037654185552772","2.512742822041786","1.9368690959343675","0.6637640900245092","1.3917144448249317","11.738344467744769"
"LSTM-standard-bs64-augFalse--seed2021--fake_data_length0---pinball_loss_usageTrue---testing_stageTrue","finished","-","","","2025-10-23T12:21:15.000Z","2960","kentcfot","64","false","0","","LSTM","","","","","","","","","true","standard","2021","true","0.8499682136045772","-0.05003178639542283","0.134225637444401","5.112295473831039","0.4160914578562096","9.090052604675291","14","0.0010000000474974513","0.020527521148324013","0.3325537443161011","246.64881896972656","0.19266149401664737","0.02326030470430851","0.46326008439064026","98.1202392578125","0.3737768530845642","1.3144408260570994","2.9923493662238196","2.688462987069926","0.5332891619829354","1.6396533130725917","13.64694674662846"
"BiLSTM-standard-bs64-augFalse--seed4242--fake_data_length0---pinball_loss_usageTrue---testing_stageTrue","finished","-","","","2025-10-23T12:02:45.000Z","3553","gay2zs84","64","false","0","","BiLSTM","","","","","","","","","true","standard","4242","true","0.9478703115066752","0.04787031150667509","0.0867543636843117","5.140044468596817","0.2595878211541005","6.288178443908691","14","0.004000000189989805","0.015410039573907852","0.2448773980140686","203.71583557128903","0.09311699122190475","0.017276886850595474","0.3452295958995819","61.9180908203125","0.1305074393749237","0.936345086761591","2.1316072746633634","1.5556669254855184","0.7299398883448744","1.2472637754242355","9.459577908559796"
"LSTM-standard-bs64-augFalse--seed1234--fake_data_length0---pinball_loss_usageTrue---testing_stageTrue","finished","-","","","2025-10-23T11:20:31.000Z","3641","kentcfot","64","false","0","","LSTM","","","","","","","","","true","standard","1234","true","0.9313413858868403","0.031341385886840434","0.09542068784129294","5.13116248643934","0.5538062301927973","12.003851890563965","14","0.0010000000474974513","0.020745839923620224","0.3339419662952423","232.64572143554688","0.20087359845638275","0.0346715971827507","0.6869463920593262","185.49110412597656","0.706627607345581","1.083530288097287","2.466677165375403","1.9616369808501384","0.6594644435794792","1.4005845139976876","11.484722584509091"
"BiLSTM-standard-bs64-augFalse--seed42--fake_data_length0---pinball_loss_usageTrue---testing_stageTrue","finished","-","","","2025-10-23T11:03:52.000Z","3531","gay2zs84","64","false","0","","BiLSTM","","","","","","","","","true","standard","42","true","0.9154481881754608","0.015448188175460896","0.10398550730788322","5.12310068308123","0.20570125129673048","5.281761646270752","14","0.004000000189989805","0.015164000913500786","0.23843860626220703","185.82388305664065","0.09127818048000336","0.0176292322576046","0.3525846600532532","62.94416046142578","0.13478077948093414","1.073743136006408","2.4443965287916107","1.777011833886018","0.6915149339425839","1.3330460734295788","10.7553105595049"
"BiLSTM-standard-bs64-augTrue--seed2021--fake_data_length0.25---pinball_loss_usageTrue---testing_stageTrue","finished","-","","","2025-10-23T01:16:40.000Z","3976","haphibkd","64","true","0.25","","BiLSTM","","","","","","","","","true","standard","2021","true","0.9287984742530198","0.028798474253019735","0.08900533719420511","5.09485539196335","0.35302359493992874","8.018272399902344","14","0.004000000189989805","0.01505234558135271","0.23742331564426425","217.12315368652344","0.0887279212474823","0.014113186858594418","0.2788746654987335","51.71977233886719","0.08968213945627213","1.6111820376154276","3.667886338856225","3.529039401540768","0.38736707761657097","1.878573767926287","16.28746360392551"
"BiLSTM-standard-bs64-augTrue--seed777--fake_data_length1---pinball_loss_usageTrue---testing_stageTrue","finished","-","","","2025-10-22T23:45:20.000Z","5468","a3kuhvsk","64","true","1","","BiLSTM","","","","","","","","","true","standard","777","true","0.965034965034965","0.06503496503496498","0.10161229800207934","5.132759071115963","0.12945175498288236","4.135319232940674","26","0.004000000189989805","0.011668666265904903","0.18782763183116913","155.6074981689453","0.05957965925335884","0.011107702739536762","0.1859306693077087","33.62178039550781","0.04675932601094246","1.0485152646529774","2.3869648031793886","1.7003257762356965","0.704827452806462","1.3039654045394369","10.878250365402508"
"BiLSTM-standard-bs64-augTrue--seed777--fake_data_length0.25---pinball_loss_usageTrue---testing_stageTrue","finished","-","","","2025-10-22T22:45:04.000Z","3611","a3kuhvsk","64","true","0.25","","BiLSTM","","","","","","","","","true","standard","777","true","0.9732994278448824","0.07329942784488241","0.09545183257168444","5.105303143705576","0.28868450815330576","7.254666328430176","14","0.004000000189989805","0.015318483114242554","0.23788714408874512","223.85568237304688","0.09230715781450272","0.012373095378279686","0.24348901212215424","40.22600173950195","0.07359977066516876","1.366650589544608","3.1112058788834127","2.6988073679136058","0.5314934018495281","1.642804726044336","13.91406353585448"
"BiLSTM-standard-bs64-augTrue--seed2021--fake_data_length1---pinball_loss_usageTrue---testing_stageTrue","finished","-","","","2025-10-22T16:09:21.000Z","6886","wjdxdt6b","64","true","1","","BiLSTM","","","","","","","","","true","standard","2021","true","0.8976478067387158","-0.002352193261284219","0.10341153196748926","5.1103636020630505","0.28105864777962136","6.537383556365967","14","0.004000000189989805","0.013587754219770432","0.2179476767778397","194.4590301513672","0.07711286097764969","0.012198632583022118","0.22533197700977323","34.53460693359375","0.0660359337925911","1.3107821336614047","2.984020283883684","2.354616926179324","0.5912440512993626","1.5344761080509934","13.778198764174126"
"BiLSTM-standard-bs64-augTrue--seed1234--fake_data_length1---pinball_loss_usageTrue---testing_stageTrue","finished","-","","","2025-10-22T14:25:05.000Z","6254","wjdxdt6b","64","true","1","","BiLSTM","","","","","","","","","true","standard","1234","true","0.9186268277177368","0.018626827717736827","0.09418847518443152","5.152961011520704","0.41920270305944","9.35845947265625","14","0.004000000189989805","0.014120188541710377","0.22399504482746124","190.93218994140625","0.08224065601825714","0.012647383846342564","0.24184930324554443","40.718849182128906","0.0718202143907547","0.8633165116986119","1.96535634424952","1.228666880192736","0.7867063254891487","1.1084524708767336","9.033622968011706"
"LSTM-standard-bs64-augFalse--seed4242--fake_data_length0---pinball_loss_usageTrue---testing_stageTrue","finished","-","","","2025-10-22T13:10:53.000Z","4349","0vm7cqe6","64","false","0","","LSTM","","","","","","","","","true","standard","4242","true","0.8391608391608392","-0.060839160839160855","0.2277567282877981","5.073153913319786","0.5398362743725694","11.46805191040039","14","0.0010000000474974513","0.02148231863975525","0.33681216835975647","260.6868896484375","0.20101062953472135","0.030040517449378967","0.5994133949279785","135.54171752929688","0.5556333065032959","1.9532203449993777","4.446543005657117","5.475064679311862","0.04954167605476956","2.339885612441741","18.91449246161245"
"BiLSTM-standard-bs64-augTrue--seed4242--fake_data_length1---pinball_loss_usageTrue---testing_stageTrue","finished","-","","","2025-10-22T12:55:50.000Z","5351","wjdxdt6b","64","true","1","","BiLSTM","","","","","","","","","true","standard","4242","true","0.8766687857596949","-0.023331214240305154","0.11465471525595436","5.162300647411955","0.3797967487736564","8.471089363098145","14","0.004000000189989805","0.013390513136982918","0.21289920806884768","184.0536346435547","0.07161703705787659","0.015693424269557","0.3114747107028961","49.079349517822266","0.11570178717374802","0.7040695274095966","1.6028275768346305","0.9143813105036354","0.8412655596358435","0.9562328746197944","7.5749875434246094"
"LSTM-standard-bs64-augFalse--seed42--fake_data_length0---pinball_loss_usageTrue---testing_stageTrue","finished","-","","","2025-10-22T12:17:42.000Z","3186","0vm7cqe6","64","false","0","","LSTM","","","","","","","","","true","standard","42","true","0.9287984742530198","0.028798474253019735","0.09137473594437567","5.097595541898128","0.6630142756502725","14.169428825378418","14","0.0010000000474974513","0.02072637714445591","0.3336811363697052","252.9143218994141","0.1999452114105225","0.022201376035809517","0.4439562559127808","104.66258239746094","0.2802068889141083","1.5185748983626903","3.4570644372861263","3.333772470591105","0.4212649565975498","1.8258621170808889","15.472676443662406"
"BiLSTM-standard-bs64-augTrue--seed42--fake_data_length1---pinball_loss_usageTrue---testing_stageTrue","finished","-","","","2025-10-22T11:41:11.000Z","4478","wjdxdt6b","64","true","1","","BiLSTM","","","","","","","","","true","standard","42","true","0.9535918626827716","0.05359186268277172","0.09209866637419686","5.110112734560518","0.2927912085661069","7.005803108215332","14","0.004000000189989805","0.013263325206935406","0.21379587054252625","192.0002899169922","0.07243073731660843","0.0133208017796278","0.2647603452205658","49.06858825683594","0.0821453183889389","1.338906052608211","3.048044916539571","2.524707873091639","0.5617166638090554","1.5889329353662598","13.895946584902171"
"LSTM-standard-bs64-augTrue--seed777--fake_data_length0.5---pinball_loss_usageTrue---testing_stageTrue","finished","-","","","2025-10-22T10:17:51.000Z","3966","87b7xy0n","64","true","0.5","","LSTM","","","","","","","","","true","standard","777","true","0.9218054672600128","0.021805467260012645","0.1024083072716312","5.060768279853708","0.5247229014849562","11.509818077087402","14","0.0010000000474974513","0.0190156027674675","0.31055691838264465","218.51084899902344","0.19607840478420255","0.01857185736298561","0.35747817158699036","80.26136779785156","0.17639519274234772","2.1591772399582227","4.915407766917015","6.129069424115527","-0.0639920061950714","2.475695745465409","21.093995998122875"
"BiLSTM-standard-bs64-augTrue--seed777--fake_data_length0.75---pinball_loss_usageTrue---testing_stageTrue","finished","-","","","2025-10-22T10:15:07.000Z","5159","wjdxdt6b","64","true","0.75","","BiLSTM","","","","","","","","","true","standard","777","true","0.9307056579783852","0.030705657978385203","0.0938394899892716","5.153630115126437","0.2588483432562431","6.194300651550293","14","0.004000000189989805","0.013165992684662342","0.2133324295282364","189.25006103515625","0.07493340969085693","0.013237733393907549","0.250434011220932","43.607662200927734","0.07706397026777267","0.7830345313865822","1.7825928997919147","1.004846789126542","0.8255609657683537","1.0024204652372886","8.514135419417373"
"LSTM-standard-bs64-augTrue--seed2021--fake_data_length0.5---pinball_loss_usageTrue---testing_stageTrue","finished","-","","","2025-10-22T09:08:15.000Z","4173","87b7xy0n","64","true","0.5","","LSTM","","","","","","","","","true","standard","2021","true","0.7609663064208518","-0.1390336935791482","0.22981263595406448","5.124831912554185","0.4727507629594607","9.880839347839355","14","0.0010000000474974513","0.018750401213765144","0.30396097898483276","213.0187530517578","0.17394128441810608","0.016014186665415764","0.3173508942127228","55.67426300048828","0.120126873254776","1.239138076658546","2.8209212349829507","2.427247902256905","0.5786354850389399","1.5579627409719736","13.044353531285562"
"BiLSTM-standard-bs64-augTrue--seed2021--fake_data_length0.75---pinball_loss_usageTrue---testing_stageTrue","finished","-","","","2025-10-22T09:06:18.000Z","4127","wjdxdt6b","64","true","0.75","","BiLSTM","","","","","","","","","true","standard","2021","true","0.916083916083916","0.016083916083916017","0.09753507412851652","5.070009415230352","0.2219774897509296","5.346867084503174","14","0.004000000189989805","0.013308921828866003","0.2105349451303482","196.06739807128903","0.07280325889587402","0.013979689218103886","0.2745099365711212","50.064903259277344","0.08834131062030792","2.0632331121217953","4.696989147810795","6.857958367084112","-0.19052540874899423","2.618770392203966","19.612613185444857"
"BiLSTM-standard-bs64-augTrue--seed1234--fake_data_length0.75---pinball_loss_usageTrue---testing_stageTrue","finished","-","","","2025-10-22T07:51:01.000Z","4516","wjdxdt6b","64","true","0.75","","BiLSTM","","","","","","","","","true","standard","1234","true","0.9574062301335028","0.05740623013350288","0.10670119460721876","5.162876639295504","0.30890077936823657","7.645721912384033","14","0.004000000189989805","0.01324523240327835","0.2146976739168167","191.29290771484375","0.07315357029438019","0.013924196362495422","0.2666691243648529","44.86634826660156","0.0911535695195198","0.6307783839206974","1.4359789044400777","0.7139177479740236","0.8760655616109675","0.8449365348794096","6.898179127943001"
"LSTM-standard-bs64-augTrue--seed1234--fake_data_length0.5---pinball_loss_usageTrue---testing_stageTrue","finished","-","","","2025-10-22T07:43:36.000Z","5074","87b7xy0n","64","true","0.5","","LSTM","","","","","","","","","true","standard","1234","true","0.8842975206611571","-0.015702479338842945","0.12937144990643346","5.119625826289277","0.5462863105918224","11.702953338623049","14","0.0010000000474974513","0.018301786854863167","0.2953898310661316","233.00486755371097","0.153637632727623","0.015703514218330383","0.30371057987213135","61.786434173583984","0.14620138704776764","1.2588316486356217","2.865754023539174","2.620545418796121","0.5450794917578287","1.6188098772851989","13.152235810584177"
"XGBoost-standard-bs0-augFalse--seed42--fake_data_length0---pinball_loss_usageTrue---testing_stageTrue","finished","-","","","2025-10-22T07:39:51.000Z","27","8305shhg","0","false","0","","XGBoost","","","","","","","","","true","standard","42","true","0.9624920534011444","0.06249205340114427","0.11132185218899553","0.4378263997334398","0.13805534518303128","4.20676326751709","","","","","","","","","","","0.8756527994668795","1.993440136348143","1.290235266304082","0.7760181987730351","1.135885234653608","9.356875910076836"
"BiLSTM-standard-bs64-augTrue--seed4242--fake_data_length0.75---pinball_loss_usageTrue---testing_stageTrue","finished","-","","","2025-10-22T06:20:36.000Z","5420","wjdxdt6b","64","true","0.75","","BiLSTM","","","","","","","","","true","standard","4242","true","0.9275270184361092","0.02752701843610927","0.09335023395134552","5.107932381242518","0.25493519230398215","6.039645671844482","14","0.004000000189989805","0.013783819042146206","0.22194471955299375","198.26153564453125","0.07842254638671875","0.012042353861033916","0.2347472608089447","43.646583557128906","0.06457258760929108","1.3457350803649282","3.0635913272068622","2.5515464640365546","0.5570575476778898","1.5973560855477889","14.051750302364848"
"BiLSTM-standard-bs64-augTrue--seed42--fake_data_length0.75---pinball_loss_usageTrue---testing_stageTrue","finished","-","","","2025-10-22T04:50:03.000Z","5428","wjdxdt6b","64","true","0.75","","BiLSTM","","","","","","","","","true","standard","42","true","0.7781309599491417","-0.1218690400508583","0.1525981816151153","5.113344824332057","0.22371167959260568","5.0319623947143555","14","0.004000000189989805","0.013364886865019798","0.2117982655763626","194.96783447265625","0.07094670832157135","0.01603749208152294","0.3189762830734253","61.75730514526367","0.11458291858434676","1.2553000735084645","2.857714326061715","2.2548406721766847","0.6085649738278617","1.5016126904687124","12.900746985614925"
"LSTM-standard-bs64-augTrue--seed4242--fake_data_length0.5---pinball_loss_usageTrue---testing_stageTrue","finished","-","","","2025-10-22T04:04:43.000Z","4594","1r271vvt","64","true","0.5","","LSTM","","","","","","","","","true","standard","4242","true","0.91163382072473","0.011633820724729849","0.09590552376094172","5.085373234572463","0.5784433837916094","12.340411186218262","14","0.0010000000474974513","0.01841135136783123","0.30048397183418274","222.93792724609375","0.1636829674243927","0.018009034916758537","0.3550178110599518","63.78483963012695","0.15315906703472135","1.7885948997807972","4.071770070353649","4.627365450678592","0.19670026417170605","2.1511312025719382","17.869836402393368"
"BiLSTM-standard-bs64-augTrue--seed777--fake_data_length0.5---pinball_loss_usageTrue---testing_stageTrue","finished","-","","","2025-10-22T03:32:15.000Z","4664","wjdxdt6b","64","true","0.5","","BiLSTM","","","","","","","","","true","standard","777","true","0.940877304513668","0.04087730451366811","0.08995768618068342","5.122539449049023","0.25793942491188243","6.198328495025635","14","0.004000000189989805","0.015834113582968712","0.25273606181144714","196.55706787109375","0.10180620104074478","0.01795487478375435","0.35717231035232544","65.56982421875","0.13841766119003296","1.117692304733674","2.5444476414625323","1.8079016122770852","0.6861525412191607","1.344582318892036","12.113061015960524"
"LSTM-standard-bs64-augTrue--seed42--fake_data_length0.5---pinball_loss_usageTrue---testing_stageTrue","finished","-","","","2025-10-22T02:56:09.000Z","4108","1r271vvt","64","true","0.5","","LSTM","","","","","","","","","true","standard","42","true","0.9173553719008264","0.017355371900826477","0.091719406073971","5.0831148694740795","0.8094490355772351","17.018672943115234","14","0.0010000000474974513","0.020759006962180138","0.321577787399292","263.08441162109375","0.17949314415454865","0.0167570598423481","0.32962605357170105","58.3870964050293","0.14300872385501862","1.8179725439625791","4.138648832185934","4.582959295474894","0.20440906805255157","2.140784738238503","18.303786284673297"
"BiLSTM-standard-bs64-augTrue--seed2021--fake_data_length0.5---pinball_loss_usageTrue---testing_stageTrue","finished","-","","","2025-10-22T02:33:12.000Z","3541","wjdxdt6b","64","true","0.5","","BiLSTM","","","","","","","","","true","standard","2021","true","0.9567705022250476","0.05677050222504765","0.09097149489567072","5.140301899960204","0.29597415137427396","7.170353412628174","14","0.004000000189989805","0.01514003612101078","0.23807741701602936","198.4493408203125","0.08817368000745773","0.015107937157154083","0.3011416494846344","53.53754425048828","0.1010988876223564","0.9988916756920352","2.273995765674328","1.6999551684768015","0.7048917894399069","1.303823288822838","10.034760255729545"
"LSTM-standard-bs64-augTrue--seed777--fake_data_length0.25---pinball_loss_usageTrue---testing_stageTrue","finished","-","","","2025-10-22T01:58:14.000Z","3472","1r271vvt","64","true","0.25","","LSTM","","","","","","","","","true","standard","777","true","0.7933884297520661","-0.10661157024793388","0.16794694351376965","5.118312735110817","0.453199907919441","9.6311674118042","14","0.0010000000474974513","0.01955161616206169","0.31991496682167053","237.828125","0.1840156316757202","0.0139498058706522","0.274844229221344","43.18061447143555","0.09085781127214432","1.3201871612461524","3.0054310068121235","2.7074782298900693","0.5299881606470906","1.6454416519251205","13.52101814296531"
"BiLSTM-standard-bs64-augTrue--seed1234--fake_data_length0.5---pinball_loss_usageTrue---testing_stageTrue","finished","-","","","2025-10-22T01:02:34.000Z","5435","wjdxdt6b","64","true","0.5","","BiLSTM","","","","","","","","","true","standard","1234","true","0.9059122695486332","0.005912269548633109","0.09542398200395832","5.120734582790715","0.2289206242000536","5.490062236785889","14","0.004000000189989805","0.014006046578288078","0.2254956066608429","182.0093688964844","0.08105265349149704","0.012547632679343224","0.24399888515472412","46.163055419921875","0.07206626981496811","1.112182896075094","2.5319053685956567","1.9198375508370449","0.6667207261111232","1.3855820260226548","11.645787361272683"
"LSTM-standard-bs64-augTrue--seed2021--fake_data_length0.25---pinball_loss_usageTrue---testing_stageTrue","finished","-","","","2025-10-22T00:52:00.000Z","3971","1r271vvt","64","true","0.25","","LSTM","","","","","","","","","true","standard","2021","true","0.7838525111252383","-0.11614748887476169","0.13562660779607427","5.0567530800398375","0.5030728990836126","10.555915832519531","14","0.0010000000474974513","0.01971956342458725","0.31735941767692566","242.57611083984375","0.17955535650253296","0.017591480165719986","0.35147711634635925","61.69636535644531","0.1433195918798447","2.232475357758946","5.082272316464159","6.691234016249839","-0.1615824544029798","2.586741969398927","21.457402260193735"
"BiLSTM-standard-bs64-augTrue--seed4242--fake_data_length0.5---pinball_loss_usageTrue---testing_stageTrue","finished","-","","","2025-10-21T23:57:21.000Z","3908","wjdxdt6b","64","true","0.5","","BiLSTM","","","","","","","","","true","standard","4242","true","0.950413223140496","0.0504132231404959","0.0847034090579276","5.1057688099706935","0.22589279473093177","5.601924896240234","14","0.004000000189989805","0.01430779043585062","0.2266901731491089","203.21197509765625","0.08445687592029572","0.012845844961702824","0.25017139315605164","45.83633804321289","0.07075294852256775","1.353303186315984","3.0808202633424573","2.547742182699739","0.5577179619515091","1.5961648356920215","14.012942449202203"
"LSTM-standard-bs64-augTrue--seed1234--fake_data_length0.25---pinball_loss_usageTrue---testing_stageTrue","finished","-","","","2025-10-21T23:54:36.000Z","3440","1r271vvt","64","true","0.25","","LSTM","","","","","","","","","true","standard","1234","true","0.9071837253655436","0.0071837253655435696","0.0950841229657648","5.1036074353581515","0.5918866566314266","12.705695152282717","14","0.0010000000474974513","0.01966487616300583","0.3195497989654541","251.64320373535156","0.1838519722223282","0.024280589073896408","0.449808269739151","123.31121826171876","0.3205290734767914","1.4977777181578076","3.4097192637555684","3.240133242276924","0.4375205059311163","1.8000370113630786","15.328952799287263"
"LSTM-standard-bs64-augTrue--seed4242--fake_data_length0.25---pinball_loss_usageTrue---testing_stageTrue","finished","-","","","2025-10-21T22:43:29.000Z","4267","1r271vvt","64","true","0.25","","LSTM","","","","","","","","","true","standard","4242","true","0.803560076287349","-0.09643992371265098","0.1679028868144739","5.104130570405978","0.476031550206126","10.238106727600098","14","0.0010000000474974513","0.020128397271037105","0.31480154395103455","237.76475524902344","0.17372900247573853","0.012534111738204956","0.24523457884788513","44.963436126708984","0.07062691450119019","1.4389049326320098","3.2756942555820174","2.9910941222349523","0.4807531102008503","1.729477991254862","14.88383551506647"
"BiLSTM-standard-bs64-augTrue--seed42--fake_data_length0.5---pinball_loss_usageTrue---testing_stageTrue","finished","-","","","2025-10-21T22:34:28.000Z","4971","wjdxdt6b","64","true","0.5","","BiLSTM","","","","","","","","","true","standard","42","true","0.9523204068658614","0.05232040686586137","0.0913182490014454","5.136495368729552","0.3538790607937418","8.296160697937012","14","0.004000000189989805","0.014750991947948933","0.23712579905986783","201.01905822753903","0.08809330314397812","0.014721660874783993","0.29125168919563293","51.096458435058594","0.099531851708889","0.9203883332957604","2.095281424024886","1.3727104706761253","0.761700697682921","1.1716272746381953","9.789502972601854"
"LSTM-standard-bs64-augTrue--seed42--fake_data_length0.25---pinball_loss_usageTrue---testing_stageTrue","finished","-","","","2025-10-21T21:49:35.000Z","3231","1r271vvt","64","true","0.25","","LSTM","","","","","","","","","true","standard","42","true","0.9497774952320408","0.04977749523204067","0.08722229097500321","5.081488674707848","0.5410550821532286","11.859838485717772","14","0.0010000000474974513","0.019379764795303345","0.3095024526119232","224.37271118164065","0.1730095148086548","0.02830921672284603","0.5654990077018738","129.65432739257812","0.45307204127311707","1.911558327065557","4.351698634964648","5.30438273969503","0.07917165848564822","2.3031245601779835","18.985513348100685"
"BiLSTM-standard-bs64-augTrue--seed1234--fake_data_length0.25---pinball_loss_usageTrue---testing_stageTrue","finished","-","","","2025-10-21T10:31:16.000Z","4627","i53tayn0","64","true","0.25","","BiLSTM","","","","","","","","","true","standard","1234","true","0.8200890019071837","-0.07991099809281632","0.12988428542815572","5.178837808730046","0.5273537652778993","11.272671699523926","14","0.004000000189989805","0.014862929470837116","0.2384694516658783","204.2712249755859","0.09053339064121246","0.015376039780676363","0.3053756654262543","59.07803726196289","0.10548724979162216","0.6061771091805547","1.379973637852469","0.7306332516264616","0.8731637895742956","0.8547708766836067","6.581097674505444"
"BiLSTM-standard-bs64-augTrue--seed4242--fake_data_length0.25---pinball_loss_usageTrue---testing_stageTrue","finished","-","","","2025-10-21T09:27:30.000Z","3822","i53tayn0","64","true","0.25","","BiLSTM","","","","","","","","","true","standard","4242","true","0.9593134138588684","0.05931341385886835","0.0906076819481398","5.171441874896382","0.45679511370661946","10.30352783203125","14","0.004000000189989805","0.015161877498030664","0.24059391021728516","199.21881103515625","0.09306877851486206","0.017971202731132507","0.3555622696876526","79.39531707763672","0.15826785564422607","0.7484973533397561","1.7039683616682868","1.018275677636563","0.8232297423740602","1.0090964659716943","8.063305362416177"
"BiLSTM-standard-bs64-augTrue--seed42--fake_data_length0.25---pinball_loss_usageTrue---testing_stageTrue","finished","-","","","2025-10-21T08:36:51.000Z","3033","i53tayn0","64","true","0.25","","BiLSTM","","","","","","","","","true","standard","42","true","0.9078194532739988","0.007819453273998689","0.1007816628066886","5.128885924413526","0.3591056668675033","8.185502052307129","14","0.004000000189989805","0.015160038135945795","0.23898254334926605","192.2870178222656","0.08771885931491852","0.01254528108984232","0.24647122621536255","45.365928649902344","0.06998366862535477","1.0227074647359005","2.328212859238976","1.6559691574597444","0.712527657280205","1.2868446516420482","10.736752562371162"
"LSTM-standard-bs64-augTrue--seed777--fake_data_length0.1---pinball_loss_usageTrue---testing_stageTrue","finished","-","","","2025-10-21T08:01:38.000Z","2108","i53tayn0","64","true","0.1","","LSTM","","","","","","","","","true","standard","777","true","0.8989192625556262","-0.001080737444373869","0.11042360321246208","5.117544911109095","0.5314297419782669","11.552960395812988","14","0.0010000000474974513","0.021600354462862015","0.3412352204322815","274.362548828125","0.2103251963853836","0.013931342400610449","0.27848225831985474","44.660030364990234","0.09057438373565674","1.323941554526046","3.01397795402263","2.7014213364166144","0.5310396230783652","1.643600114509796","13.530040186052272"
"LSTM-standard-bs64-augTrue--seed2021--fake_data_length0.1---pinball_loss_usageTrue---testing_stageTrue","finished","-","","","2025-10-21T07:11:40.000Z","2992","i53tayn0","64","true","0.1","","LSTM","","","","","","","","","true","standard","2021","true","0.831532104259377","-0.06846789574062306","0.1626906932764423","5.11038220551656","0.5326301304762033","11.29309368133545","14","0.0010000000474974513","0.020029742270708084","0.32017242908477783","246.66029357910156","0.18441928923130035","0.01962523907423019","0.3861725330352783","86.65177154541016","0.2059216350317001","1.3247408318201297","3.015797523878477","2.7360074578403166","0.5250355539165248","1.654088104618468","13.851273657084034"
"LSTM-standard-bs64-augTrue--seed1234--fake_data_length0.1---pinball_loss_usageTrue---testing_stageTrue","finished","-","","","2025-10-21T06:36:11.000Z","2126","i53tayn0","64","true","0.1","","LSTM","","","","","","","","","true","standard","1234","true","0.8582326764144946","-0.04176732358550539","0.10750880997725074","5.083600671452651","0.5357765981518992","11.450942993164062","14","0.0010000000474974513","0.021367035806179047","0.3447151482105255","288.7481384277344","0.21104496717453003","0.02142745442688465","0.4282855093479157","86.5944595336914","0.2585964500904083","1.7572103528861247","4.00032255659131","4.35839714765617","0.24339252763501465","2.087677452974039","17.35249826726081"
"LSTM-standard-bs64-augTrue--seed4242--fake_data_length0.1---pinball_loss_usageTrue---testing_stageTrue","finished","-","","","2025-10-21T05:53:40.000Z","2547","i53tayn0","64","true","0.1","","LSTM","","","","","","","","","true","standard","4242","true","0.7323585505403687","-0.16764144945963133","0.23400759856866107","5.085125043725156","0.5447896986195641","11.389496803283691","14","0.0010000000474974513","0.01989584788680077","0.32161110639572144","250.560302734375","0.18607725203037265","0.01840841956436634","0.3654613792896271","64.93663024902344","0.14855633676052094","1.7475302023866417","3.978285511151258","4.291259855968584","0.2550474032336031","2.0715356274919783","17.392850619784465"
"LSTM-standard-bs64-augTrue--seed42--fake_data_length0.1---pinball_loss_usageTrue---testing_stageTrue","finished","-","","","2025-10-21T05:16:14.000Z","2241","i53tayn0","64","true","0.1","","LSTM","","","","","","","","","true","standard","42","true","0.9313413858868403","0.031341385886840434","0.08702802617157333","5.10109731289487","0.4398284345997877","9.669392585754396","14","0.0010000000474974513","0.02018040791153908","0.3235207796096802","257.3590393066406","0.1897691935300827","0.03120710328221321","0.623621940612793","144.96392822265625","0.57484370470047","1.5024253974958204","3.420299793548782","3.225372362443699","0.44008295987969814","1.7959321708916791","15.53728158742"
"BiLSTM-standard-bs64-augTrue--seed777--fake_data_length0.1---pinball_loss_usageTrue---testing_stageTrue","finished","-","","","2025-10-21T04:24:24.000Z","3103","i53tayn0","64","true","0.1","","BiLSTM","","","","","","","","","true","standard","777","true","0.9415130324221234","0.04151303242212334","0.0932047822789182","5.104578324429527","0.4303327582099225","9.642840385437012","14","0.004000000189989805","0.01706613041460514","0.26844438910484314","238.14910888671875","0.11271950602531432","0.012105769477784634","0.22343559563159943","42.20566940307617","0.0632019117474556","1.5415057126534493","3.509266869110903","3.336189690513641","0.4208453329162331","1.8265239364743189","15.180703731341891"
"BiLSTM-standard-bs64-augTrue--seed2021--fake_data_length0.1---pinball_loss_usageTrue---testing_stageTrue","finished","-","","","2025-10-21T03:30:23.000Z","3238","i53tayn0","64","true","0.1","","BiLSTM","","","","","","","","","true","standard","2021","true","0.908455181182454","0.00845518118245392","0.10114117125682748","5.112334531997039","0.2786469036958361","6.557246685028076","14","0.004000000189989805","0.015024086460471152","0.2379378378391266","187.49972534179688","0.08775731921195984","0.01281067356467247","0.24578505754470825","52.859275817871094","0.07501707226037979","1.2471960319960411","2.839265322498509","2.1945142234536026","0.619037503140541","1.4813892882877218","12.519573170915267"
"BiLSTM-standard-bs64-augTrue--seed1234--fake_data_length0.1---pinball_loss_usageTrue---testing_stageTrue","finished","-","","","2025-10-21T02:43:34.000Z","2807","i53tayn0","64","true","0.1","","BiLSTM","","","","","","","","","true","standard","1234","true","0.87730451366815","-0.02269548633185003","0.09349290761914288","5.156608072518047","0.16231709014664628","3.885803699493408","14","0.004000000189989805","0.014708262868225574","0.23140066862106323","189.61737060546875","0.08288580179214478","0.01806367374956608","0.36127346754074097","71.46442413330078","0.1446826159954071","0.7995533170172612","1.8201982272687125","1.1339956546408672","0.803141027110825","1.0648923206788878","8.710810482692883"
"BiLSTM-standard-bs64-augTrue--seed4242--fake_data_length0.1---pinball_loss_usageTrue---testing_stageTrue","finished","-","","","2025-10-21T01:47:30.000Z","3358","i53tayn0","64","true","0.1","","BiLSTM","","","","","","","","","true","standard","4242","true","0.8366179275270185","-0.06338207247298155","0.1238470053566692","5.131315494529478","0.32358849563950304","7.10211181640625","14","0.004000000189989805","0.01464903075248003","0.2335563451051712","175.85198974609375","0.08475986868143082","0.015156224370002748","0.3005932867527008","57.07444763183594","0.09906653314828873","0.936812933432548","2.132672336445968","1.4764868894997","0.7436853559696446","1.2151077686772067","9.868586792884344"
"BiLSTM-standard-bs64-augTrue--seed42--fake_data_length0.1---pinball_loss_usageTrue---testing_stageTrue","finished","-","","","2025-10-21T00:37:08.000Z","4219","i53tayn0","64","true","0.1","","BiLSTM","","","","","","","","","true","standard","42","true","0.944055944055944","0.04405594405594404","0.0905498007074406","5.140748492766228","0.2493314196331368","6.058001518249512","14","0.004000000189989805","0.014946031384170055","0.24227575957775116","194.86378479003903","0.09258776158094406","0.014914216473698616","0.29738664627075195","52.47836685180664","0.10037320852279664","0.8448447533951242","1.9233050375974852","1.1739599073833058","0.7962033270279695","1.083494304268973","8.8235518457752"