"Name","State","Notes","User","Tags","Created","Runtime","Sweep","batch_size","data_augmentation","fake_data_length","method","model_name","parameters.batch_sizes","parameters.data_augmentations","parameters.fake_data_lengths","parameters.model_names","parameters.pinball_loss_usages","parameters.scaler_names","parameters.seeds","parameters.testing_stages","pinball_loss_usage","scaler_name","seed","testing_stage","epoch/epoch","epoch/learning_rate","epoch/loss","epoch/mae","epoch/mape","epoch/val_loss","epoch/val_mae","epoch/val_mape","val_MSE","val_MAE","val_MASE","val_R2","val_RMSE","val_SMAPE"
"BiLSTM-standard-bs16-augTrue--seed1234--fake_data_length1---pinball_loss_usageFalse---testing_stageTrue","finished","-","","","2025-10-17T04:23:30.000Z","927","zxgtfzub","16","true","1","","BiLSTM","","","","","","","","","false","standard","1234","true","49","0.004000000189989805","0.015428547747433186","0.09597612172365189","21.04095458984375","0.08294127881526947","0.2302059829235077","33.39438247680664","320.4356857015711","13.363146822723236","0.6215496283230281","0.9063775860362424","17.900717463318923","21.242540935907545"
"BiLSTM-standard-bs16-augTrue--seed2021--fake_data_length1---pinball_loss_usageFalse---testing_stageTrue","finished","-","","","2025-10-17T04:14:25.000Z","540","zxgtfzub","16","true","1","","BiLSTM","","","","","","","","","false","standard","2021","true","28","0.004000000189989805","0.01991904713213444","0.10771556943655014","23.14415168762207","0.12073513865470886","0.2786727845668793","37.59503555297851","254.38944426287227","12.48909152962664","0.5808953760151685","0.9256744647318408","15.949590723992646","19.145307476763374"
"BiLSTM-standard-bs16-augTrue--seed777--fake_data_length1---pinball_loss_usageFalse---testing_stageTrue","finished","-","","","2025-10-17T03:54:36.000Z","1187","zxgtfzub","16","true","1","","BiLSTM","","","","","","","","","false","standard","777","true","63","0.004000000189989805","0.01271758321672678","0.08720985054969788","19.752756118774418","0.0892317146062851","0.2377251982688904","36.18729019165039","345.29656815946873","13.329906799891114","0.6200035610597677","0.8991139261730108","18.58215725257616","18.815171612860222"
"BiLSTM-standard-bs16-augTrue--seed4242--fake_data_length1---pinball_loss_usageFalse---testing_stageTrue","finished","-","","","2025-10-17T03:46:22.000Z","490","zxgtfzub","16","true","1","","BiLSTM","","","","","","","","","false","standard","4242","true","25","0.004000000189989805","0.021334242075681686","0.11247499287128448","24.365568161010746","0.08150473982095718","0.2241867035627365","33.4984016418457","366.0334428090771","14.27732815339985","0.664070231728784","0.8930551869333111","19.132000491560653","22.383417071667537"
"BiLSTM-standard-bs16-augTrue--seed42--fake_data_length1---pinball_loss_usageFalse---testing_stageTrue","finished","-","","","2025-10-17T03:36:51.000Z","568","zxgtfzub","16","true","1","","BiLSTM","","","","","","","","","false","standard","42","true","29","0.004000000189989805","0.02057136595249176","0.109215646982193","25.03705596923828","0.08050118386745453","0.21212151646614075","33.0726432800293","310.6612821279409","12.682570876564675","0.5898945300148108","0.9092333954808604","17.625586008071927","18.317312288807575"
"LSTM-standard-bs16-augTrue--seed1234--fake_data_length1---pinball_loss_usageFalse---testing_stageTrue","finished","-","","","2025-10-17T03:30:11.000Z","395","zxgtfzub","16","true","1","","LSTM","","","","","","","","","false","standard","1234","true","34","0.0010000000474974513","0.033387839794158936","0.13794755935668945","32.09228515625","0.0836244598031044","0.2207367867231369","35.00480651855469","290.8563428813452","12.911427055127346","0.6005391389989144","0.9150198490608114","17.054510924718574","18.480079378208323"
"LSTM-standard-bs16-augTrue--seed2021--fake_data_length1---pinball_loss_usageFalse---testing_stageTrue","finished","-","","","2025-10-17T03:22:39.000Z","448","zxgtfzub","16","true","1","","LSTM","","","","","","","","","false","standard","2021","true","40","0.0010000000474974513","0.030239542946219444","0.130796417593956","29.862754821777344","0.08402129262685776","0.2231988310813904","34.47752380371094","296.4510123870724","13.21674568635913","0.6147401864228279","0.9133852419061532","17.217752826285793","19.54718075058071"
"LSTM-standard-bs16-augTrue--seed777--fake_data_length1---pinball_loss_usageFalse---testing_stageTrue","finished","-","","","2025-10-17T03:14:20.000Z","498","zxgtfzub","16","true","1","","LSTM","","","","","","","","","false","standard","777","true","45","0.0010000000474974513","0.02927105873823166","0.12957249581813812","31.14511489868164","0.0850592702627182","0.22457872331142423","35.29906463623047","291.32416510921064","12.932350151395127","0.6015123186609453","0.9148831643898054","17.068220912245383","21.398715127872812"
"LSTM-standard-bs16-augTrue--seed4242--fake_data_length1---pinball_loss_usageFalse---testing_stageTrue","finished","-","","","2025-10-17T03:05:10.000Z","549","zxgtfzub","16","true","1","","LSTM","","","","","","","","","false","standard","4242","true","49","0.0010000000474974513","0.02786111831665039","0.12576508522033691","27.114810943603516","0.07482288032770157","0.20532767474651337","33.913204193115234","318.1266869119555","12.968366645386762","0.6031875257623096","0.9070522113984268","17.83610627104345","18.31298074822979"
"LSTM-standard-bs16-augTrue--seed42--fake_data_length1---pinball_loss_usageFalse---testing_stageTrue","finished","-","","","2025-10-17T02:55:49.000Z","555","zxgtfzub","16","true","1","","LSTM","","","","","","","","","false","standard","42","true","50","0.0010000000474974513","0.028882065787911415","0.12848590314388275","30.113536834716797","0.07817461341619492","0.21733662486076355","32.33374786376953","312.6174492920683","12.962146291211688","0.6028982032788522","0.908661857727126","17.680991185226812","18.27355062536834"
"BiLSTM-standard-bs16-augTrue--seed1234--fake_data_length0.75---pinball_loss_usageFalse---testing_stageTrue","finished","-","","","2025-10-17T02:46:18.000Z","570","zxgtfzub","16","true","0.75","","BiLSTM","","","","","","","","","false","standard","1234","true","34","0.004000000189989805","0.01805791072547436","0.10457851737737656","21.943960189819336","0.0837654173374176","0.21928294003009796","34.22674560546875","392.5661450947341","13.670281438895408","0.6358351412384693","0.8853030677162324","19.813282037429698","19.01816166494985"
"BiLSTM-standard-bs16-augTrue--seed2021--fake_data_length0.75---pinball_loss_usageFalse---testing_stageTrue","finished","-","","","2025-10-17T02:39:59.000Z","378","zxgtfzub","16","true","0.75","","BiLSTM","","","","","","","","","false","standard","2021","true","22","0.004000000189989805","0.027752036228775975","0.12649452686309814","29.817407608032227","0.09635423123836516","0.24425028264522552","34.81922912597656","234.47971677769647","11.959846704250433","0.5562790241282682","0.9314915345268034","15.312730546107591","18.675538542302306"
"BiLSTM-standard-bs16-augTrue--seed777--fake_data_length0.75---pinball_loss_usageFalse---testing_stageTrue","finished","-","","","2025-10-17T02:28:48.000Z","668","zxgtfzub","16","true","0.75","","BiLSTM","","","","","","","","","false","standard","777","true","40","0.004000000189989805","0.01862969808280468","0.10584116727113724","23.324935913085938","0.07799794524908066","0.22005324065685272","32.1788444519043","232.41203235485","12.108312943652711","0.56318451855583","0.9320956545284764","15.245065836356693","18.07924224039619"
"BiLSTM-standard-bs16-augTrue--seed4242--fake_data_length0.75---pinball_loss_usageFalse---testing_stageTrue","finished","-","","","2025-10-17T02:22:45.000Z","363","zxgtfzub","16","true","0.75","","BiLSTM","","","","","","","","","false","standard","4242","true","21","0.004000000189989805","0.024074338376522064","0.11809459328651428","26.141883850097656","0.09171608090400696","0.2244112640619278","37.09764862060547","306.3075935089588","13.130071812502202","0.6107087921116104","0.910505422462697","17.50164545146995","19.192371465494663"
"BiLSTM-standard-bs16-augTrue--seed42--fake_data_length0.75---pinball_loss_usageFalse---testing_stageTrue","finished","-","","","2025-10-17T02:08:03.000Z","880","zxgtfzub","16","true","0.75","","BiLSTM","","","","","","","","","false","standard","42","true","53","0.004000000189989805","0.016103645786643028","0.10069029033184052","19.69376564025879","0.09588168561458588","0.24285580217838287","31.982982635498047","334.2160324635077","13.637289329503592","0.6343006049797487","0.902351351173276","18.28157631232897","21.186275287945044"
"LSTM-standard-bs16-augTrue--seed1234--fake_data_length0.75---pinball_loss_usageFalse---testing_stageTrue","finished","-","","","2025-10-17T01:54:06.000Z","832","zxgtfzub","16","true","0.75","","LSTM","","","","","","","","","false","standard","1234","true","87","0.0010000000474974513","0.0226766187697649","0.11507493257522584","25.508705139160156","0.0750034749507904","0.21012446284294128","32.622459411621094","232.96291257592804","11.968833413548197","0.5566970159304965","0.9319347026170522","15.26312263515982","18.743965776274088"
"LSTM-standard-bs16-augTrue--seed2021--fake_data_length0.75---pinball_loss_usageFalse---testing_stageTrue","finished","-","","","2025-10-17T01:44:50.000Z","552","zxgtfzub","16","true","0.75","","LSTM","","","","","","","","","false","standard","2021","true","57","0.0010000000474974513","0.02774577960371971","0.1268955022096634","27.339292526245117","0.08527717739343643","0.2221582382917404","33.39048767089844","374.4001693779735","13.585848615741764","0.6319079831711664","0.8906106616406934","19.34942297273936","19.190649259133068"
"LSTM-standard-bs16-augTrue--seed777--fake_data_length0.75---pinball_loss_usageFalse---testing_stageTrue","finished","-","","","2025-10-17T01:39:13.000Z","332","zxgtfzub","16","true","0.75","","LSTM","","","","","","","","","false","standard","777","true","34","0.0010000000474974513","0.03698117285966873","0.14594772458076477","34.31861877441406","0.08670791983604431","0.23244459927082065","35.70559310913086","298.73828555025506","12.902599149620569","0.6001285335135899","0.9127169641690376","17.284047140361977","18.494152503878276"
"LSTM-standard-bs16-augTrue--seed4242--fake_data_length0.75---pinball_loss_usageFalse---testing_stageTrue","finished","-","","","2025-10-17T01:31:09.000Z","481","zxgtfzub","16","true","0.75","","LSTM","","","","","","","","","false","standard","4242","true","51","0.0010000000474974513","0.030250009149312973","0.1324969083070755","32.14753341674805","0.07211314886808395","0.2020873725414276","31.881452560424805","408.19517834159785","14.750408009951109","0.6860742262150634","0.8807366979709664","20.203840682939415","19.69661048044736"
"LSTM-standard-bs16-augTrue--seed42--fake_data_length0.75---pinball_loss_usageFalse---testing_stageTrue","finished","-","","","2025-10-17T01:21:07.000Z","600","zxgtfzub","16","true","0.75","","LSTM","","","","","","","","","false","standard","42","true","62","0.0010000000474974513","0.02699275314807892","0.12511293590068817","27.38614273071289","0.08962550014257431","0.2397984564304352","33.79800033569336","366.972686872725","13.811302989831514","0.64239436667636","0.8927807658857697","19.15653118058499","19.649776370493992"
"BiLSTM-standard-bs16-augTrue--seed1234--fake_data_length0.5---pinball_loss_usageFalse---testing_stageTrue","finished","-","","","2025-10-17T01:13:19.000Z","466","zxgtfzub","16","true","0.5","","BiLSTM","","","","","","","","","false","standard","1234","true","32","0.004000000189989805","0.023530416190624237","0.1174166053533554","25.179759979248047","0.1065252646803856","0.2501981854438782","37.67010116577149","254.17401481235828","12.195082469959054","0.5672203618748425","0.9257374072382344","15.942835845995477","17.564048124461053"
"BiLSTM-standard-bs16-augTrue--seed2021--fake_data_length0.5---pinball_loss_usageFalse---testing_stageTrue","finished","-","","","2025-10-17T01:08:02.000Z","314","zxgtfzub","16","true","0.5","","BiLSTM","","","","","","","","","false","standard","2021","true","21","0.004000000189989805","0.02965217642486095","0.13128136098384857","26.499006271362305","0.11315865069627762","0.269688218832016","35.24082946777344","259.46713621520985","12.440018927931964","0.5786129003566427","0.9241909040700458","16.107983617300146","18.42606903817639"
"BiLSTM-standard-bs16-augTrue--seed777--fake_data_length0.5---pinball_loss_usageFalse---testing_stageTrue","finished","-","","","2025-10-17T01:01:38.000Z","380","zxgtfzub","16","true","0.5","","BiLSTM","","","","","","","","","false","standard","777","true","26","0.004000000189989805","0.025514421984553337","0.12353627383708954","25.72603416442871","0.08384059369564056","0.2221496105194092","33.445579528808594","275.001906670525","12.803164106259157","0.5955035888756639","0.9196520752962932","16.583181439956718","19.413386115201376"
"BiLSTM-standard-bs16-augTrue--seed4242--fake_data_length0.5---pinball_loss_usageFalse---testing_stageTrue","finished","-","","","2025-10-17T00:57:44.000Z","231","zxgtfzub","16","true","0.5","","BiLSTM","","","","","","","","","false","standard","4242","true","15","0.004000000189989805","0.031714580953121185","0.13664878904819489","31.218639373779297","0.10780291259288788","0.2509400248527527","38.57219696044922","497.7392818958059","16.65107905677349","0.7744786565778249","0.8545743961268041","22.310071310863307","22.848325316680697"
"BiLSTM-standard-bs16-augTrue--seed42--fake_data_length0.5---pinball_loss_usageFalse---testing_stageTrue","finished","-","","","2025-10-17T00:49:46.000Z","474","zxgtfzub","16","true","0.5","","BiLSTM","","","","","","","","","false","standard","42","true","32","0.004000000189989805","0.021458135917782784","0.11386081576347352","22.890443801879883","0.09191737323999404","0.22880274057388303","35.70962142944336","270.1978033162069","12.5002516026019","0.5814144557874594","0.9210557009629472","16.437694586413475","18.639682507157936"
"LSTM-standard-bs16-augTrue--seed1234--fake_data_length0.5---pinball_loss_usageFalse---testing_stageTrue","finished","-","","","2025-10-17T00:43:06.000Z","394","zxgtfzub","16","true","0.5","","LSTM","","","","","","","","","false","standard","1234","true","47","0.0010000000474974513","0.034787364304065704","0.14056310057640076","32.21522903442383","0.0966402143239975","0.2415105551481247","37.03541564941406","329.99086326660944","14.257225250197056","0.6631352010672437","0.9035858283469184","18.165650642534377","21.7844409808435"
"LSTM-standard-bs16-augTrue--seed2021--fake_data_length0.5---pinball_loss_usageFalse---testing_stageTrue","finished","-","","","2025-10-17T00:34:57.000Z","486","zxgtfzub","16","true","0.5","","LSTM","","","","","","","","","false","standard","2021","true","58","0.0010000000474974513","0.030131133273243904","0.13225522637367249","28.29665756225586","0.08716771006584167","0.2287363559007645","32.94755554199219","244.09708149318087","11.598615097510216","0.5394773400723747","0.9286816074780662","15.623606545646906","17.48837986479322"
"LSTM-standard-bs16-augTrue--seed777--fake_data_length0.5---pinball_loss_usageFalse---testing_stageTrue","finished","-","","","2025-10-17T00:26:08.000Z","524","zxgtfzub","16","true","0.5","","LSTM","","","","","","","","","false","standard","777","true","63","0.0010000000474974513","0.029086532071232796","0.12731389701366425","26.821678161621097","0.07791289687156677","0.20735667645931244","34.80284881591797","279.45966700608216","12.323499829789414","0.5731933383998822","0.9183496414472884","16.71704719757895","18.504799242119184"
"LSTM-standard-bs16-augTrue--seed4242--fake_data_length0.5---pinball_loss_usageFalse---testing_stageTrue","finished","-","","","2025-10-17T00:22:19.000Z","225","zxgtfzub","16","true","0.5","","LSTM","","","","","","","","","false","standard","4242","true","26","0.0010000000474974513","0.04438016936182976","0.1620330959558487","40.72885513305664","0.09197886288166046","0.2385932356119156","35.05117416381836","424.22220124686737","15.162224809291976","0.7052287398908574","0.8760540466933519","20.596655098507316","21.122686859526485"
"LSTM-standard-bs16-augTrue--seed42--fake_data_length0.5---pinball_loss_usageFalse---testing_stageTrue","finished","-","","","2025-10-17T00:15:07.000Z","430","zxgtfzub","16","true","0.5","","LSTM","","","","","","","","","false","standard","42","true","53","0.0010000000474974513","0.03347542881965637","0.13791687786579132","30.72497177124023","0.07729749381542206","0.2170700877904892","30.9381046295166","360.30382673701973","13.875808508416428","0.6453946615644668","0.8947292217293329","18.98167080994241","20.030879855823567"
"BiLSTM-standard-bs16-augTrue--seed1234--fake_data_length0.25---pinball_loss_usageFalse---testing_stageTrue","finished","-","","","2025-10-16T23:59:34.000Z","931","zxgtfzub","16","true","0.25","","BiLSTM","","","","","","","","","false","standard","1234","true","79","0.004000000189989805","0.014468757435679436","0.09377006441354752","19.555431365966797","0.06765197217464447","0.19085676968097687","31.896373748779297","308.86097593304","12.833621623666858","0.5969202356337621","0.9097593949851652","17.574440984937187","18.46944509036313"
"BiLSTM-standard-bs16-augTrue--seed2021--fake_data_length0.25---pinball_loss_usageFalse---testing_stageTrue","finished","-","","","2025-10-16T23:52:59.000Z","391","zxgtfzub","16","true","0.25","","BiLSTM","","","","","","","","","false","standard","2021","true","32","0.004000000189989805","0.02390042319893837","0.12063206732273102","25.395185470581055","0.09816928207874298","0.2436993271112442","35.833580017089844","399.5696985666043","14.719525275123718","0.6846378016506846","0.8832568237689481","19.989239569493492","20.30907514540886"
"BiLSTM-standard-bs16-augTrue--seed777--fake_data_length0.25---pinball_loss_usageFalse---testing_stageTrue","finished","-","","","2025-10-16T23:46:14.000Z","403","zxgtfzub","16","true","0.25","","BiLSTM","","","","","","","","","false","standard","777","true","33","0.004000000189989805","0.02487906254827976","0.12099415808916092","25.787742614746097","0.08598019927740097","0.22940553724765775","32.954368591308594","432.2003599749853","15.123241242858962","0.7034155276625862","0.8737230501394659","20.78942904398736","19.75884270696381"
"BiLSTM-standard-bs16-augTrue--seed4242--fake_data_length0.25---pinball_loss_usageFalse---testing_stageTrue","finished","-","","","2025-10-16T23:39:37.000Z","392","zxgtfzub","16","true","0.25","","BiLSTM","","","","","","","","","false","standard","4242","true","32","0.004000000189989805","0.025418519973754883","0.12125574797391891","27.736835479736328","0.08396816998720169","0.2229863703250885","38.64601135253906","280.73794965158913","12.502666540025078","0.5815267798887892","0.9179761627358324","16.755236484502067","18.18072351836905"
"BiLSTM-standard-bs16-augTrue--seed42--fake_data_length0.25---pinball_loss_usageFalse---testing_stageTrue","finished","-","","","2025-10-16T23:33:05.000Z","391","zxgtfzub","16","true","0.25","","BiLSTM","","","","","","","","","false","standard","42","true","32","0.004000000189989805","0.024046193808317184","0.11785625666379929","24.65595054626465","0.08702946454286575","0.2263346016407013","31.599592208862305","185.4748254058686","10.544173916746702","0.4904329396263953","0.9458094036998864","13.618914252093248","15.982157774215652"
"LSTM-standard-bs16-augTrue--seed1234--fake_data_length0.25---pinball_loss_usageFalse---testing_stageTrue","finished","-","","","2025-10-16T23:26:17.000Z","406","zxgtfzub","16","true","0.25","","LSTM","","","","","","","","","false","standard","1234","true","60","0.0010000000474974513","0.032243773341178894","0.13750220835208893","30.27324485778809","0.07510177046060562","0.21375593543052673","32.40557098388672","285.02560426874504","12.683495864073729","0.5899375532375652","0.9167234290566164","16.882701332095674","18.626339227284483"
"LSTM-standard-bs16-augTrue--seed2021--fake_data_length0.25---pinball_loss_usageFalse---testing_stageTrue","finished","-","","","2025-10-16T23:17:25.000Z","531","zxgtfzub","16","true","0.25","","LSTM","","","","","","","","","false","standard","2021","true","76","0.0010000000474974513","0.030338335782289505","0.13356584310531616","30.26019287109375","0.07323217391967773","0.2007989287376404","32.852787017822266","393.3667677946029","13.72699207766257","0.6384728789596289","0.8850691479838787","19.833475938286835","18.84479290133173"
"LSTM-standard-bs16-augTrue--seed777--fake_data_length0.25---pinball_loss_usageFalse---testing_stageTrue","finished","-","","","2025-10-16T23:11:46.000Z","334","zxgtfzub","16","true","0.25","","LSTM","","","","","","","","","false","standard","777","true","49","0.0010000000474974513","0.03902498632669449","0.15070252120494845","32.658626556396484","0.09345145523548126","0.2517612874507904","35.955875396728516","261.11038234091774","12.465495558995643","0.5797978750320408","0.9237107931589014","16.158910307966863","18.933778761328977"
"LSTM-standard-bs16-augTrue--seed4242--fake_data_length0.25---pinball_loss_usageFalse---testing_stageTrue","finished","-","","","2025-10-16T23:04:26.000Z","438","zxgtfzub","16","true","0.25","","LSTM","","","","","","","","","false","standard","4242","true","63","0.0010000000474974513","0.034890398383140564","0.1412249505519867","33.0351676940918","0.06280472129583359","0.18833427131175995","30.469051361083984","331.9978844568197","13.33354972754798","0.6201730017133182","0.9029994324581692","18.220809105438203","18.73705453096032"
"LSTM-standard-bs16-augTrue--seed42--fake_data_length0.25---pinball_loss_usageFalse---testing_stageTrue","finished","-","","","2025-10-16T22:59:43.000Z","278","zxgtfzub","16","true","0.25","","LSTM","","","","","","","","","false","standard","42","true","39","0.0010000000474974513","0.043613918125629425","0.15898394584655762","37.13547897338867","0.08345333486795425","0.2309948056936264","36.0834846496582","290.6286978473593","12.824661065730648","0.5965034601894221","0.9150863606216632","17.047835576616738","18.652747844927013"
"BiLSTM-standard-bs16-augTrue--seed1234--fake_data_length0.1---pinball_loss_usageFalse---testing_stageTrue","finished","-","","","2025-10-16T22:53:39.000Z","352","zxgtfzub","16","true","0.1","","BiLSTM","","","","","","","","","false","standard","1234","true","44","0.004000000189989805","0.02229851298034191","0.1154257357120514","24.95333671569824","0.07791945338249207","0.21524937450885773","33.97551727294922","308.64756757237103","12.688871339426417","0.5901875785311467","0.9098217469851996","17.568368381052665","18.6303787936152"
"BiLSTM-standard-bs16-augTrue--seed2021--fake_data_length0.1---pinball_loss_usageFalse---testing_stageTrue","finished","-","","","2025-10-16T22:47:44.000Z","353","zxgtfzub","16","true","0.1","","BiLSTM","","","","","","","","","false","standard","2021","true","44","0.004000000189989805","0.020206814631819725","0.11160185188055038","25.145206451416016","0.08937828987836838","0.2313378006219864","35.67341613769531","302.1500236078618","13.65030254231843","0.6349058784004221","0.9117201489982624","17.38246310532146","25.588578701369936"
"BiLSTM-standard-bs16-augTrue--seed777--fake_data_length0.1---pinball_loss_usageFalse---testing_stageTrue","finished","-","","","2025-10-16T22:43:33.000Z","249","zxgtfzub","16","true","0.1","","BiLSTM","","","","","","","","","false","standard","777","true","30","0.004000000189989805","0.02947172150015831","0.13343407213687897","26.616596221923828","0.07746268808841705","0.2141404449939728","32.47697448730469","352.02722222850633","13.483459576325128","0.6271456416180865","0.8971474158571617","18.762388500095245","18.44772565192166"
"BiLSTM-standard-bs16-augTrue--seed4242--fake_data_length0.1---pinball_loss_usageFalse---testing_stageTrue","finished","-","","","2025-10-16T22:39:01.000Z","267","zxgtfzub","16","true","0.1","","BiLSTM","","","","","","","","","false","standard","4242","true","32","0.004000000189989805","0.024759290739893913","0.12124694138765336","27.947359085083008","0.07569844275712967","0.2052602916955948","32.03487777709961","327.9518803917064","14.115773352403084","0.6565559592415138","0.9041815625528672","18.10944174710271","26.00231872016111"
"BiLSTM-standard-bs16-augTrue--seed42--fake_data_length0.1---pinball_loss_usageFalse---testing_stageTrue","finished","-","","","2025-10-16T22:35:22.000Z","217","zxgtfzub","16","true","0.1","","BiLSTM","","","","","","","","","false","standard","42","true","26","0.004000000189989805","0.03014885075390339","0.13568700850009918","29.59750747680664","0.08385756611824036","0.2081158310174942","31.202831268310547","327.4834453953649","13.214782924584206","0.6146488940148439","0.9043184262578152","18.096503678759746","18.510135705386823"
"LSTM-standard-bs16-augTrue--seed1234--fake_data_length0.1---pinball_loss_usageFalse---testing_stageTrue","finished","-","","","2025-10-16T22:30:56.000Z","263","zxgtfzub","16","true","0.1","","LSTM","","","","","","","","","false","standard","1234","true","54","0.0010000000474974513","0.03740336745977402","0.14933611452579498","33.43794631958008","0.0872047021985054","0.2237161099910736","36.33099365234375","320.72975127073175","13.191397254658344","0.6135611745844334","0.9062916682384536","17.908929372542953","19.05251733182626"
"LSTM-standard-bs16-augTrue--seed2021--fake_data_length0.1---pinball_loss_usageFalse---testing_stageTrue","finished","-","","","2025-10-16T22:26:01.000Z","295","zxgtfzub","16","true","0.1","","LSTM","","","","","","","","","false","standard","2021","true","61","0.0010000000474974513","0.03674081340432167","0.14726810157299042","38.05612564086914","0.08048643171787262","0.220229834318161","35.09489822387695","320.76022365281","13.032538164274756","0.606172285582948","0.9062827650541432","17.909780111793946","18.886793506419004"
"LSTM-standard-bs16-augTrue--seed777--fake_data_length0.1---pinball_loss_usageFalse---testing_stageTrue","finished","-","","","2025-10-16T22:19:19.000Z","398","zxgtfzub","16","true","0.1","","LSTM","","","","","","","","","false","standard","777","true","83","0.0010000000474974513","0.031631872057914734","0.13474631309509277","29.710004806518555","0.08520965278148651","0.22569070756435392","34.920860290527344","253.62535043411512","12.208937235463123","0.5678647777795539","0.9258977117418812","15.925619310849896","18.28842026858969"
"LSTM-standard-bs16-augTrue--seed4242--fake_data_length0.1---pinball_loss_usageFalse---testing_stageTrue","finished","-","","","2025-10-16T22:13:50.000Z","327","zxgtfzub","16","true","0.1","","LSTM","","","","","","","","","false","standard","4242","true","68","0.0010000000474974513","0.03426147624850273","0.14235064387321472","33.614192962646484","0.0832454264163971","0.23014594614505768","33.10850524902344","375.8588540997609","14.255413734811476","0.6630509434646336","0.8901844744494422","19.38707956603472","20.47628485305325"
"LSTM-standard-bs16-augTrue--seed42--fake_data_length0.1---pinball_loss_usageFalse---testing_stageTrue","finished","-","","","2025-10-16T22:10:48.000Z","179","zxgtfzub","16","true","0.1","","LSTM","","","","","","","","","false","standard","42","true","39","0.0010000000474974513","0.04800061509013176","0.1681196391582489","39.904502868652344","0.08158304542303085","0.22765067219734192","36.55403518676758","373.37973146506727","14.365128145569704","0.6681540043030059","0.8909088052775271","19.323036290010617","20.05050024232663"
"BiLSTM-standard-bs32-augTrue--seed1234--fake_data_length1---pinball_loss_usageFalse---testing_stageTrue","finished","-","","","2025-10-16T22:06:17.000Z","267","zxgtfzub","32","true","1","","BiLSTM","","","","","","","","","false","standard","1234","true","27","0.004000000189989805","0.02041420340538025","0.10859865695238112","24.11105155944824","0.09677445143461227","0.2451215535402298","36.017940521240234","261.35896143242934","12.31672149449146","0.5728780629755392","0.923638165247446","16.166600181622275","18.489506239274327"
"BiLSTM-standard-bs32-augTrue--seed2021--fake_data_length1---pinball_loss_usageFalse---testing_stageTrue","finished","-","","","2025-10-16T22:00:31.000Z","343","zxgtfzub","32","true","1","","BiLSTM","","","","","","","","","false","standard","2021","true","35","0.004000000189989805","0.018231388181447983","0.10077723860740662","25.368717193603516","0.07764340937137604","0.2133053094148636","32.000099182128906","258.7897313854079","12.186331478735577","0.5668133338436034","0.9243888229605648","16.08694288500484","18.595067518536197"
"BiLSTM-standard-bs32-augTrue--seed777--fake_data_length1---pinball_loss_usageFalse---testing_stageTrue","finished","-","","","2025-10-16T21:53:09.000Z","440","zxgtfzub","32","true","1","","BiLSTM","","","","","","","","","false","standard","777","true","46","0.004000000189989805","0.016205308958888054","0.09904567897319794","22.551918029785156","0.10941920429468156","0.26505786180496216","38.771141052246094","256.0214063610446","12.125145720549412","0.5639674483823583","0.9251976507003644","16.00066893479909","19.85527979073863"
"BiLSTM-standard-bs32-augTrue--seed4242--fake_data_length1---pinball_loss_usageFalse---testing_stageTrue","finished","-","","","2025-10-16T21:48:12.000Z","296","zxgtfzub","32","true","1","","BiLSTM","","","","","","","","","false","standard","4242","true","30","0.004000000189989805","0.020219692960381508","0.10842905938625336","24.837419509887695","0.07033824920654297","0.19744904339313507","32.6776008605957","239.54777337383305","11.74553906853647","0.5463111001735379","0.93001078904867","15.477330951227769","17.147870827129122"
"BiLSTM-standard-bs32-augTrue--seed42--fake_data_length1---pinball_loss_usageFalse---testing_stageTrue","finished","-","","","2025-10-16T21:43:32.000Z","277","zxgtfzub","32","true","1","","BiLSTM","","","","","","","","","false","standard","42","true","28","0.004000000189989805","0.020342417061328888","0.10760799795389175","24.60692024230957","0.0941675752401352","0.24223171174526217","34.91450881958008","349.09888709071936","13.504498428207706","0.6281242053307685","0.89800299411117","18.6841881571215","19.289003791012483"
"LSTM-standard-bs32-augTrue--seed1234--fake_data_length1---pinball_loss_usageFalse---testing_stageTrue","finished","-","","","2025-10-16T21:38:36.000Z","292","zxgtfzub","32","true","1","","LSTM","","","","","","","","","false","standard","1234","true","51","0.0010000000474974513","0.031850822269916534","0.1345769762992859","30.41116714477539","0.08583958446979523","0.2309936881065369","34.6777458190918","341.5136225835919","13.577328962885591","0.631511715201021","0.9002191978781009","18.48008719090881","19.39791271544066"
"LSTM-standard-bs32-augTrue--seed2021--fake_data_length1---pinball_loss_usageFalse---testing_stageTrue","finished","-","","","2025-10-16T21:34:57.000Z","214","zxgtfzub","32","true","1","","LSTM","","","","","","","","","false","standard","2021","true","37","0.0010000000474974513","0.03914212808012962","0.14997200667858124","33.715328216552734","0.08911494165658951","0.2378754764795303","36.02566909790039","410.21523872029786","14.599105831279733","0.6790368259555868","0.8801464923932314","20.253770975309703","20.35094714010544"
"LSTM-standard-bs32-augTrue--seed777--fake_data_length1---pinball_loss_usageFalse---testing_stageTrue","finished","-","","","2025-10-16T21:27:10.000Z","465","zxgtfzub","32","true","1","","LSTM","","","","","","","","","false","standard","777","true","85","0.0010000000474974513","0.025755593553185463","0.12051546573638916","27.02281951904297","0.0913274735212326","0.23199044167995453","35.19606399536133","335.6557108796083","13.131964689859096","0.6107968340401506","0.901930717097044","18.32090911717015","18.513491359606313"
"LSTM-standard-bs32-augTrue--seed4242--fake_data_length1---pinball_loss_usageFalse---testing_stageTrue","finished","-","","","2025-10-16T21:21:32.000Z","333","zxgtfzub","32","true","1","","LSTM","","","","","","","","","false","standard","4242","true","59","0.0010000000474974513","0.02933685854077339","0.1302880197763443","30.524484634399418","0.07496913522481918","0.21868674457073212","35.34711456298828","377.11752989414634","13.689316887893444","0.6367205222349254","0.8898167243157138","19.41951415185628","19.307536872982137"
"LSTM-standard-bs32-augTrue--seed42--fake_data_length1---pinball_loss_usageFalse---testing_stageTrue","finished","-","","","2025-10-16T21:16:30.000Z","299","zxgtfzub","32","true","1","","LSTM","","","","","","","","","false","standard","42","true","53","0.0010000000474974513","0.03343929722905159","0.1364019364118576","31.061866760253903","0.0907437428832054","0.23807427287101743","36.39109802246094","259.0017696784471","12.482051343409092","0.5805679213231791","0.9243268712562668","16.09353192057129","18.58235603648119"
"BiLSTM-standard-bs32-augTrue--seed1234--fake_data_length0.75---pinball_loss_usageFalse---testing_stageTrue","finished","-","","","2025-10-16T21:06:38.000Z","590","zxgtfzub","32","true","0.75","","BiLSTM","","","","","","","","","false","standard","1234","true","64","0.004000000189989805","0.01325780525803566","0.08928151428699493","19.809722900390625","0.06979634612798691","0.19594797492027283","32.852664947509766","278.7198263612611","12.516360338556872","0.5821637088622323","0.9185658023501072","16.694904203416716","18.47015438792242"
"BiLSTM-standard-bs32-augTrue--seed2021--fake_data_length0.75---pinball_loss_usageFalse---testing_stageTrue","finished","-","","","2025-10-16T21:02:08.000Z","267","zxgtfzub","32","true","0.75","","BiLSTM","","","","","","","","","false","standard","2021","true","31","0.004000000189989805","0.020251624286174778","0.10812462121248244","23.55258560180664","0.08379779011011124","0.23150326311588287","33.41663360595703","393.1566198302243","13.817401647898397","0.6426780288036288","0.8851305473866062","19.828177420787423","18.732222303329653"
"BiLSTM-standard-bs32-augTrue--seed777--fake_data_length0.75---pinball_loss_usageFalse---testing_stageTrue","finished","-","","","2025-10-16T20:58:19.000Z","225","zxgtfzub","32","true","0.75","","BiLSTM","","","","","","","","","false","standard","777","true","26","0.004000000189989805","0.02245177701115608","0.11347371339797974","26.00402069091797","0.08843544125556946","0.2371709644794464","32.97234344482422","234.90232187837776","12.065695648472866","0.5612022935357378","0.9313680610454008","15.326523476587171","18.397358352036996"
"BiLSTM-standard-bs32-augTrue--seed4242--fake_data_length0.75---pinball_loss_usageFalse---testing_stageTrue","finished","-","","","2025-10-16T20:52:10.000Z","369","zxgtfzub","32","true","0.75","","BiLSTM","","","","","","","","","false","standard","4242","true","44","0.004000000189989805","0.018138591200113297","0.10037700086832048","19.950733184814453","0.07654966413974762","0.2127382755279541","33.51872634887695","336.6763744034695","13.737841822581707","0.6389775246850221","0.9016325075429508","18.34874312871237","19.75650469824609"
"BiLSTM-standard-bs32-augTrue--seed42--fake_data_length0.75---pinball_loss_usageFalse---testing_stageTrue","finished","-","","","2025-10-16T20:47:18.000Z","288","zxgtfzub","32","true","0.75","","BiLSTM","","","","","","","","","false","standard","42","true","34","0.004000000189989805","0.01915990374982357","0.10713247954845428","23.460771560668945","0.10726584494113922","0.26373857259750366","36.58504104614258","298.4349399621831","13.169522066859628","0.6125437110314125","0.912805593330794","17.27526960606355","19.424312354932106"
"LSTM-standard-bs32-augTrue--seed1234--fake_data_length0.75---pinball_loss_usageFalse---testing_stageTrue","finished","-","","","2025-10-16T20:41:30.000Z","345","zxgtfzub","32","true","0.75","","LSTM","","","","","","","","","false","standard","1234","true","69","0.0010000000474974513","0.0301161240786314","0.13070295751094818","28.222103118896484","0.0781431496143341","0.2141374945640564","34.21641159057617","351.5059001839977","13.729176843726249","0.638574497279989","0.8972997316897524","18.748490610819783","19.98015425128399"
"LSTM-standard-bs32-augTrue--seed2021--fake_data_length0.75---pinball_loss_usageFalse---testing_stageTrue","finished","-","","","2025-10-16T20:37:26.000Z","241","zxgtfzub","32","true","0.75","","LSTM","","","","","","","","","false","standard","2021","true","48","0.0010000000474974513","0.03621089830994606","0.1427491307258606","32.42606735229492","0.0878591239452362","0.2322346717119217","35.697444915771484","294.26101283551543","13.102917428442536","0.609445781419329","0.9140250989936912","17.154037799757685","19.87227398182074"
"LSTM-standard-bs32-augTrue--seed777--fake_data_length0.75---pinball_loss_usageFalse---testing_stageTrue","finished","-","","","2025-10-16T20:33:26.000Z","238","zxgtfzub","32","true","0.75","","LSTM","","","","","","","","","false","standard","777","true","47","0.0010000000474974513","0.03508829325437546","0.14210659265518188","31.829710006713867","0.0887034684419632","0.2283736616373062","33.8580322265625","295.2608411528021","12.75811863811852","0.5934084241400015","0.913732976908697","17.183155739060332","18.49651232957319"
"LSTM-standard-bs32-augTrue--seed4242--fake_data_length0.75---pinball_loss_usageFalse---testing_stageTrue","finished","-","","","2025-10-16T20:29:33.000Z","232","zxgtfzub","32","true","0.75","","LSTM","","","","","","","","","false","standard","4242","true","45","0.0010000000474974513","0.03861519694328308","0.1462197303771973","35.45478057861328","0.08725811541080475","0.2351638227701187","35.872802734375","366.40115858539474","14.07049159959135","0.6544498043811863","0.8929477505890848","19.141608045966116","19.86003537906294"
"LSTM-standard-bs32-augTrue--seed42--fake_data_length0.75---pinball_loss_usageFalse---testing_stageTrue","finished","-","","","2025-10-16T20:20:42.000Z","528","zxgtfzub","32","true","0.75","","LSTM","","","","","","","","","false","standard","42","true","108","0.0010000000474974513","0.022637227550148964","0.1151665672659874","24.310483932495117","0.08968529105186462","0.24037475883960724","35.732887268066406","448.0033435211126","14.764615507102048","0.6867350484518252","0.869105856944586","21.166089471631565","19.7362204963586"
"BiLSTM-standard-bs32-augTrue--seed1234--fake_data_length0.5---pinball_loss_usageFalse---testing_stageTrue","finished","-","","","2025-10-16T20:15:20.000Z","319","zxgtfzub","32","true","0.5","","BiLSTM","","","","","","","","","false","standard","1234","true","44","0.004000000189989805","0.018579691648483276","0.10505881905555724","21.310327529907227","0.10017380863428116","0.24605801701545715","34.50468444824219","368.9784077234518","13.687217672217704","0.6366228830530518","0.8921947499201279","19.20881067956712","19.049797235815827"
"BiLSTM-standard-bs32-augTrue--seed2021--fake_data_length0.5---pinball_loss_usageFalse---testing_stageTrue","finished","-","","","2025-10-16T20:12:18.000Z","179","zxgtfzub","32","true","0.5","","BiLSTM","","","","","","","","","false","standard","2021","true","23","0.004000000189989805","0.025467978790402412","0.12247858941555025","29.0407657623291","0.12342262268066406","0.2849683165550232","37.06983184814453","250.71637613358345","12.21232640767503","0.5680224157039575","0.9267476332965856","15.83402589784365","17.65420683361874"
"BiLSTM-standard-bs32-augTrue--seed777--fake_data_length0.5---pinball_loss_usageFalse---testing_stageTrue","finished","-","","","2025-10-16T20:08:03.000Z","250","zxgtfzub","32","true","0.5","","BiLSTM","","","","","","","","","false","standard","777","true","34","0.004000000189989805","0.021136794239282608","0.11279028654098512","24.02208137512207","0.09820983558893204","0.24959811568260193","36.98530197143555","337.59491709362226","13.338209701250117","0.620389747436536","0.9013641348621972","18.373756205349583","18.25848739086545"
"BiLSTM-standard-bs32-augTrue--seed4242--fake_data_length0.5---pinball_loss_usageFalse---testing_stageTrue","finished","-","","","2025-10-16T20:05:32.000Z","149","zxgtfzub","32","true","0.5","","BiLSTM","","","","","","","","","false","standard","4242","true","19","0.004000000189989805","0.03026794269680977","0.13293756544589996","30.4674015045166","0.10324264317750932","0.2479049414396286","33.854427337646484","428.39849245003626","15.143166022209902","0.7043422733882964","0.8748338503129137","20.69778955468521","21.25189951807176"
"BiLSTM-standard-bs32-augTrue--seed42--fake_data_length0.5---pinball_loss_usageFalse---testing_stageTrue","finished","-","","","2025-10-16T19:59:41.000Z","351","zxgtfzub","32","true","0.5","","BiLSTM","","","","","","","","","false","standard","42","true","48","0.004000000189989805","0.017037851735949516","0.09989116340875626","21.429340362548828","0.10066154599189758","0.2426772117614746","35.49089431762695","257.5235487286842","12.034138118837182","0.5597344827666083","0.9247587663911224","16.047540270355587","18.163027952485734"
"LSTM-standard-bs32-augTrue--seed1234--fake_data_length0.5---pinball_loss_usageFalse---testing_stageTrue","finished","-","","","2025-10-16T19:55:58.000Z","218","zxgtfzub","32","true","0.5","","LSTM","","","","","","","","","false","standard","1234","true","51","0.0010000000474974513","0.040353551506996155","0.1515509933233261","36.20789337158203","0.08636622130870819","0.2370925098657608","36.51056289672851","297.46239906908625","13.501666235478496","0.6279924737587419","0.9130897427877774","17.247098279684216","19.709790706379433"
"LSTM-standard-bs32-augTrue--seed2021--fake_data_length0.5---pinball_loss_usageFalse---testing_stageTrue","finished","-","","","2025-10-16T19:52:19.000Z","214","zxgtfzub","32","true","0.5","","LSTM","","","","","","","","","false","standard","2021","true","50","0.0010000000474974513","0.03865092620253563","0.14920619130134585","37.1036491394043","0.08285754173994064","0.2288004904985428","33.30843734741211","350.355334817627","13.675732891301257","0.6360887003934816","0.8976358949569206","18.717781247189183","19.280929888646742"
"LSTM-standard-bs32-augTrue--seed777--fake_data_length0.5---pinball_loss_usageFalse---testing_stageTrue","finished","-","","","2025-10-16T19:48:25.000Z","232","zxgtfzub","32","true","0.5","","LSTM","","","","","","","","","false","standard","777","true","54","0.0010000000474974513","0.04027159884572029","0.1484481543302536","32.70412826538086","0.09063507616519928","0.2375180572271347","37.138370513916016","297.06531462433674","12.953150364046795","0.6024797827331577","0.9132057598418192","17.23558280489339","18.986632568949144"
"LSTM-standard-bs32-augTrue--seed4242--fake_data_length0.5---pinball_loss_usageFalse---testing_stageTrue","finished","-","","","2025-10-16T19:43:23.000Z","298","zxgtfzub","32","true","0.5","","LSTM","","","","","","","","","false","standard","4242","true","70","0.0010000000474974513","0.03602917119860649","0.14225229620933533","31.762741088867188","0.09038928151130676","0.2373584359884262","36.53749084472656","328.33230628347394","13.123135688323416","0.6103861775760884","0.904070412665664","18.11994222627307","19.814105203329184"
"LSTM-standard-bs32-augTrue--seed42--fake_data_length0.5---pinball_loss_usageFalse---testing_stageTrue","finished","-","","","2025-10-16T19:38:31.000Z","292","zxgtfzub","32","true","0.5","","LSTM","","","","","","","","","false","standard","42","true","69","0.0010000000474974513","0.03377393260598183","0.13730517029762268","32.13579559326172","0.1021895706653595","0.2667727768421173","38.82903671264648","358.7645455242864","13.43811577071364","0.6250366005442693","0.8951789569783568","18.941080896408376","19.186769564937244"
"BiLSTM-standard-bs32-augTrue--seed1234--fake_data_length0.25---pinball_loss_usageFalse---testing_stageTrue","finished","-","","","2025-10-16T19:33:56.000Z","274","zxgtfzub","32","true","0.25","","BiLSTM","","","","","","","","","false","standard","1234","true","41","0.004000000189989805","0.02184075303375721","0.11505893617868423","24.237682342529297","0.10405170172452928","0.25593748688697815","34.967529296875","300.71360742393756","13.232722536324571","0.6154833051874072","0.9121398299407926","17.341095911848754","19.539558884206297"
"BiLSTM-standard-bs32-augTrue--seed2021--fake_data_length0.25---pinball_loss_usageFalse---testing_stageTrue","finished","-","","","2025-10-16T19:26:49.000Z","426","zxgtfzub","32","true","0.25","","BiLSTM","","","","","","","","","false","standard","2021","true","70","0.004000000189989805","0.014332852326333525","0.09492535144090652","19.65810775756836","0.0805516391992569","0.21808411180973053","29.749719619750977","372.5682478755372","14.115483771877352","0.6565424902083193","0.8911458982604059","19.302027040586623","21.458992474830296"
"BiLSTM-standard-bs32-augTrue--seed777--fake_data_length0.25---pinball_loss_usageFalse---testing_stageTrue","finished","-","","","2025-10-16T19:23:02.000Z","224","zxgtfzub","32","true","0.25","","BiLSTM","","","","","","","","","false","standard","777","true","36","0.004000000189989805","0.02736829034984112","0.12638786435127258","29.302453994750977","0.06799528747797012","0.1955006867647171","30.764066696166992","238.18862617572307","11.899299668688217","0.5534628470743902","0.930407894138075","15.433360819203411","17.1124168102945"
"BiLSTM-standard-bs32-augTrue--seed4242--fake_data_length0.25---pinball_loss_usageFalse---testing_stageTrue","finished","-","","","2025-10-16T19:19:55.000Z","187","zxgtfzub","32","true","0.25","","BiLSTM","","","","","","","","","false","standard","4242","true","29","0.004000000189989805","0.028337279334664345","0.12865149974822998","31.62830924987793","0.08437666296958923","0.22081226110458377","32.45549392700195","268.14222861369205","12.937069355008694","0.6017318192988493","0.9216562828404335","16.375048965230366","19.928944734184217"
"BiLSTM-standard-bs32-augTrue--seed42--fake_data_length0.25---pinball_loss_usageFalse---testing_stageTrue","finished","-","","","2025-10-16T19:14:59.000Z","290","zxgtfzub","32","true","0.25","","BiLSTM","","","","","","","","","false","standard","42","true","48","0.004000000189989805","0.020058097317814827","0.11204583197832108","22.12596893310547","0.0912797600030899","0.2364477813243866","36.394386291503906","312.5244135483096","12.849735357550651","0.5976697211733011","0.9086890401893308","17.678360035600292","18.776156189670317"
"LSTM-standard-bs32-augTrue--seed1234--fake_data_length0.25---pinball_loss_usageFalse---testing_stageTrue","finished","-","","","2025-10-16T19:09:57.000Z","299","zxgtfzub","32","true","0.25","","LSTM","","","","","","","","","false","standard","1234","true","87","0.0010000000474974513","0.03120763599872589","0.13719704747200012","29.71205711364746","0.08400776982307434","0.22693313658237457","33.57710647583008","384.0543998387563","13.70857518759264","0.6376162685122778","0.8877899634443548","19.59730593318266","18.674013275213667"
"LSTM-standard-bs32-augTrue--seed2021--fake_data_length0.25---pinball_loss_usageFalse---testing_stageTrue","finished","-","","","2025-10-16T19:05:43.000Z","251","zxgtfzub","32","true","0.25","","LSTM","","","","","","","","","false","standard","2021","true","71","0.0010000000474974513","0.0354820191860199","0.14301487803459167","32.907840728759766","0.06956829875707626","0.20373964309692383","31.202260971069336","359.65133240296984","13.7100472356573","0.6376847367360878","0.8949198624643612","18.964475537250426","19.300822435880125"
"LSTM-standard-bs32-augTrue--seed777--fake_data_length0.25---pinball_loss_usageFalse---testing_stageTrue","finished","-","","","2025-10-16T19:03:43.000Z","119","zxgtfzub","32","true","0.25","","LSTM","","","","","","","","","false","standard","777","true","32","0.0010000000474974513","0.05404983460903168","0.17653323709964752","40.40428924560547","0.09273883700370789","0.24210231006145477","36.1055908203125","365.7963452468543","14.46522548876306","0.6728097539765902","0.8931244602605675","19.125803126845533","20.99435025153867"
"LSTM-standard-bs32-augTrue--seed4242--fake_data_length0.25---pinball_loss_usageFalse---testing_stageTrue","finished","-","","","2025-10-16T18:58:26.000Z","313","zxgtfzub","32","true","0.25","","LSTM","","","","","","","","","false","standard","4242","true","89","0.0010000000474974513","0.032450802624225616","0.1374225914478302","32.52499008178711","0.07580998539924622","0.2098219245672226","33.47810363769531","341.3562406628355","13.746692153233925","0.6393891732136507","0.9002651805073552","18.47582855145705","19.3159286427938"
"LSTM-standard-bs32-augTrue--seed42--fake_data_length0.25---pinball_loss_usageFalse---testing_stageTrue","finished","-","","","2025-10-16T18:54:59.000Z","206","zxgtfzub","32","true","0.25","","LSTM","","","","","","","","","false","standard","42","true","57","0.0010000000474974513","0.044135987758636475","0.15706361830234528","40.1790657043457","0.08028093725442886","0.22395820915699005","35.63790512084961","360.34824794732793","13.814390822958488","0.6425379886508735","0.8947162430845508","18.982840881894575","19.30951540367397"
"BiLSTM-standard-bs32-augTrue--seed1234--fake_data_length0.1---pinball_loss_usageFalse---testing_stageTrue","finished","-","","","2025-10-16T18:52:59.000Z","116","zxgtfzub","32","true","0.1","","BiLSTM","","","","","","","","","false","standard","1234","true","26","0.004000000189989805","0.03007366880774498","0.1335650235414505","29.821178436279297","0.09448441118001938","0.23247334361076355","35.73441696166992","313.3047957989266","13.269992255490031","0.6172168025740858","0.9084610341544932","17.700417955487","19.437165193899528"
"BiLSTM-standard-bs32-augTrue--seed2021--fake_data_length0.1---pinball_loss_usageFalse---testing_stageTrue","finished","-","","","2025-10-16T18:50:39.000Z","134","zxgtfzub","32","true","0.1","","BiLSTM","","","","","","","","","false","standard","2021","true","32","0.004000000189989805","0.02707468904554844","0.12825754284858704","28.176197052001953","0.101170152425766","0.24525050818920135","38.39339065551758","246.59297712467364","12.053254027007776","0.5606236060978199","0.9279523760458356","15.703279183809784","19.553932760138075"
"BiLSTM-standard-bs32-augTrue--seed777--fake_data_length0.1---pinball_loss_usageFalse---testing_stageTrue","finished","-","","","2025-10-16T18:47:11.000Z","207","zxgtfzub","32","true","0.1","","BiLSTM","","","","","","","","","false","standard","777","true","51","0.004000000189989805","0.02023674175143242","0.10890760272741318","22.68202781677246","0.08279422670602798","0.2235330194234848","33.31388854980469","206.47250220068057","11.397676861960685","0.5301312566027743","0.9396744653116824","14.369151060542183","17.240432468397326"
"BiLSTM-standard-bs32-augTrue--seed4242--fake_data_length0.1---pinball_loss_usageFalse---testing_stageTrue","finished","-","","","2025-10-16T18:44:40.000Z","149","zxgtfzub","32","true","0.1","","BiLSTM","","","","","","","","","false","standard","4242","true","36","0.004000000189989805","0.02728576771914959","0.12740017473697662","28.568967819213867","0.08656470477581024","0.22807058691978457","36.84434509277344","387.0424842076158","14.641980326806124","0.6810310139348471","0.8869169281233121","19.67339534009358","21.15881087441814"
"BiLSTM-standard-bs32-augTrue--seed42--fake_data_length0.1---pinball_loss_usageFalse---testing_stageTrue","finished","-","","","2025-10-16T18:39:33.000Z","306","zxgtfzub","32","true","0.1","","BiLSTM","","","","","","","","","false","standard","42","true","77","0.004000000189989805","0.01469684299081564","0.09493526816368104","18.98726272583008","0.0896192342042923","0.23497435450553897","31.672473907470703","235.58371477310715","11.682048330094512","0.5433580049629511","0.9311689769529952","15.348736585566488","17.058718631942348"
"LSTM-standard-bs32-augTrue--seed1234--fake_data_length0.1---pinball_loss_usageFalse---testing_stageTrue","finished","-","","","2025-10-16T18:37:34.000Z","118","zxgtfzub","32","true","0.1","","LSTM","","","","","","","","","false","standard","1234","true","48","0.0010000000474974513","0.04709760472178459","0.16339758038520813","39.761600494384766","0.08575472980737686","0.23562368750572205","35.13355255126953","294.3960674200925","13.08130024336058","0.6084403181454965","0.913985639792394","17.157973872811805","19.190660284088377"
"LSTM-standard-bs32-augTrue--seed2021--fake_data_length0.1---pinball_loss_usageFalse---testing_stageTrue","finished","-","","","2025-10-16T18:35:29.000Z","123","zxgtfzub","32","true","0.1","","LSTM","","","","","","","","","false","standard","2021","true","50","0.0010000000474974513","0.04808308929204941","0.16718237102031708","38.84687423706055","0.08141319453716278","0.226498544216156","34.905174255371094","272.61322310156436","12.691324931696146","0.5903017005552131","0.920349982339424","16.511003091925225","18.730415300467595"
"LSTM-standard-bs32-augTrue--seed777--fake_data_length0.1---pinball_loss_usageFalse---testing_stageTrue","finished","-","","","2025-10-16T18:32:00.000Z","207","zxgtfzub","32","true","0.1","","LSTM","","","","","","","","","false","standard","777","true","87","0.0010000000474974513","0.03359008952975273","0.1435389667749405","30.90434455871582","0.0942208096385002","0.24696508049964905","35.56307601928711","319.0713153717991","13.535811496711164","0.6295806456698722","0.906776217179756","17.86256743505253","20.80368885116427"
"LSTM-standard-bs32-augTrue--seed4242--fake_data_length0.1---pinball_loss_usageFalse---testing_stageTrue","finished","-","","","2025-10-16T18:28:06.000Z","231","zxgtfzub","32","true","0.1","","LSTM","","","","","","","","","false","standard","4242","true","97","0.0010000000474974513","0.03639499470591545","0.14320538938045502","35.706016540527344","0.07158781588077545","0.20923763513565063","31.987354278564453","282.7782658402631","12.83150994991498","0.5968220169991072","0.9173800389726045","16.816012186016728","19.70440532496989"
"LSTM-standard-bs32-augTrue--seed42--fake_data_length0.1---pinball_loss_usageFalse---testing_stageTrue","finished","-","","","2025-10-16T18:24:54.000Z","191","zxgtfzub","32","true","0.1","","LSTM","","","","","","","","","false","standard","42","true","80","0.0010000000474974513","0.03845226392149925","0.14759182929992676","32.731327056884766","0.07421083003282547","0.2203850895166397","33.04535675048828","335.6486031963273","13.674941123612005","0.6360518735203281","0.9019327937648316","18.320715138780127","19.982986721294782"
"XGBoost-standard-bs0-augFalse--seed42--fake_data_length0---pinball_loss_usageFalse---testing_stageTrue","finished","-","","","2025-10-16T09:54:53.000Z","4","keirlwr6","0","false","0","","XGBoost","","","","","","","","","false","standard","42","true","","","","","","","","","192.05955764514889","10.89152818244128","0.5058841478529792","0.9438916039277688","13.858555395319849","16.626762113372827"
"LSTM-standard-bs16-augFalse--seed1234--fake_data_length0---pinball_loss_usageFalse---testing_stageTrue","finished","-","","","2025-10-15T13:07:03.000Z","609","l7a76drs","16","false","0","","LSTM","","","","","","","","","false","standard","1234","true","91","0.0010000000474974513","0.03097401931881905","0.13556373119354248","25.841230392456055","0.07309164106845856","0.2167111039161682","33.278358459472656","393.4919185851858","14.26900100983547","0.6636829177932196","0.8850325823963157","19.836630726642714","19.70540413934205"
"LSTM-standard-bs16-augFalse--seed2021--fake_data_length0---pinball_loss_usageFalse---testing_stageTrue","finished","-","","","2025-10-15T12:56:14.000Z","645","l7a76drs","16","false","0","","LSTM","","","","","","","","","false","standard","2021","true","102","0.0010000000474974513","0.02782660908997059","0.1283908486366272","25.708627700805664","0.083760567009449","0.22146889567375183","35.37271499633789","321.9623852166078","13.665206270964717","0.6355990839098441","0.905931526810092","17.94331031935322","19.7781413751162"
"LSTM-standard-bs16-augFalse--seed777--fake_data_length0---pinball_loss_usageFalse---testing_stageTrue","finished","-","","","2025-10-15T12:51:13.000Z","300","l7a76drs","16","false","0","","LSTM","","","","","","","","","false","standard","777","true","47","0.0010000000474974513","0.04569016396999359","0.16463926434516907","34.76945877075195","0.09900154173374176","0.25190070271492004","36.2986946105957","334.14569036120054","13.925084545921822","0.6476865994742284","0.90237190318329","18.279652358871612","19.410343462617973"
"LSTM-standard-bs16-augFalse--seed4242--fake_data_length0---pinball_loss_usageFalse---testing_stageTrue","finished","-","","","2025-10-15T12:40:45.000Z","625","l7a76drs","16","false","0","","LSTM","","","","","","","","","false","standard","4242","true","101","0.0010000000474974513","0.028403498232364655","0.13203024864196777","29.532413482666016","0.0690460279583931","0.1960100084543228","32.24174499511719","353.5262858977737","13.539034293137888","0.62973054508711","0.8967094310581376","18.8022946976632","18.788788369323893"
"LSTM-standard-bs16-augFalse--seed42--fake_data_length0---pinball_loss_usageFalse---testing_stageTrue","finished","-","","","2025-10-15T12:36:10.000Z","273","l7a76drs","16","false","0","","LSTM","","","","","","","","","false","standard","42","true","42","0.0010000000474974513","0.04856133833527565","0.1682373434305191","36.985504150390625","0.08943600207567215","0.24410340189933777","36.417198181152344","287.2474429611521","12.98339176462335","0.6038863774176046","0.916074269455788","16.94837582074318","19.371755803642714"
"LSTM-standard-bs32-augFalse--seed1234--fake_data_length0---pinball_loss_usageFalse---testing_stageTrue","finished","-","","","2025-10-15T12:31:46.000Z","260","l7a76drs","32","false","0","","LSTM","","","","","","","","","false","standard","1234","true","84","0.0010000000474974513","0.04007291793823242","0.15290050208568573","33.69202423095703","0.08516767621040344","0.22673654556274417","35.87356948852539","293.64086261806136","12.987440793053109","0.6040747067197497","0.9142062896755316","17.13595234056343","19.64987458534407"
"LSTM-standard-bs32-augFalse--seed2021--fake_data_length0---pinball_loss_usageFalse---testing_stageTrue","finished","-","","","2025-10-15T12:26:34.000Z","309","l7a76drs","32","false","0","","LSTM","","","","","","","","","false","standard","2021","true","96","0.0010000000474974513","0.03492119908332825","0.14413028955459595","32.00706481933594","0.0786152184009552","0.2174554169178009","35.58723068237305","296.69192892885826","13.06632685465132","0.6077438725918825","0.9133148527790608","17.224747572282684","18.977954973104143"
"LSTM-standard-bs32-augFalse--seed777--fake_data_length0---pinball_loss_usageFalse---testing_stageTrue","finished","-","","","2025-10-15T12:24:24.000Z","126","l7a76drs","32","false","0","","LSTM","","","","","","","","","false","standard","777","true","37","0.0010000000474974513","0.05430125817656517","0.18091176450252533","41.57032012939453","0.11514092981815338","0.27424952387809753","38.5765380859375","372.73166644510576","14.532205967177475","0.67592516474141","0.8910981518899104","19.30625977358395","20.45712780272806"
"LSTM-standard-bs32-augFalse--seed4242--fake_data_length0---pinball_loss_usageFalse---testing_stageTrue","finished","-","","","2025-10-15T12:20:40.000Z","222","l7a76drs","32","false","0","","LSTM","","","","","","","","","false","standard","4242","true","68","0.0010000000474974513","0.04330352693796158","0.1596400886774063","37.78238296508789","0.08356833457946777","0.23056435585021973","35.161766052246094","317.68862222382586","13.282871274531065","0.6178158343443952","0.907180201742215","17.823821762568933","18.821136749090524"
"LSTM-standard-bs32-augFalse--seed42--fake_data_length0---pinball_loss_usageFalse---testing_stageTrue","finished","-","","","2025-10-15T12:16:46.000Z","232","l7a76drs","32","false","0","","LSTM","","","","","","","","","false","standard","42","true","71","0.0010000000474974513","0.04348113387823105","0.16162090003490448","35.0766716003418","0.08863841742277145","0.23918768763542175","36.45884704589844","405.5586253629819","14.763976225684557","0.6867053140537297","0.881507025576211","20.138486173567813","20.16625443221267"
"BiLSTM-standard-bs16-augFalse--seed1234--fake_data_length0---pinball_loss_usageFalse---testing_stageTrue","finished","-","","","2025-10-15T11:07:05.000Z","456","tmbatp8y","16","false","0","","BiLSTM","","","","","","","","","false","standard","1234","true","43","0.004000000189989805","0.026060370728373528","0.12217143177986144","26.582120895385746","0.06888716667890549","0.20385567843914032","31.10601043701172","348.3224524690134","13.706795417543876","0.6375334874557658","0.8982298467584025","18.663398738413463","19.47155356887376"
"BiLSTM-standard-bs16-augFalse--seed2021--fake_data_length0---pinball_loss_usageFalse---testing_stageTrue","finished","-","","","2025-10-15T11:02:25.000Z","276","tmbatp8y","16","false","0","","BiLSTM","","","","","","","","","false","standard","2021","true","25","0.004000000189989805","0.035166364163160324","0.1450348198413849","34.25963592529297","0.07434166967868805","0.21228644251823425","32.603145599365234","353.4927065340244","13.66866868498498","0.6357601284733698","0.8967192420162606","18.801401717266305","19.54201863840411"
"BiLSTM-standard-bs16-augFalse--seed777--fake_data_length0---pinball_loss_usageFalse---testing_stageTrue","finished","-","","","2025-10-15T10:56:47.000Z","333","tmbatp8y","16","false","0","","BiLSTM","","","","","","","","","false","standard","777","true","31","0.004000000189989805","0.03165636956691742","0.13773030042648315","28.936695098876953","0.07975379377603531","0.22179703414440155","35.995548248291016","372.386195291704","14.431496795310952","0.6712409575578206","0.8911990889726997","19.297310571468348","21.66763938464816"
"BiLSTM-standard-bs16-augFalse--seed4242--fake_data_length0---pinball_loss_usageFalse---testing_stageTrue","finished","-","","","2025-10-15T10:52:23.000Z","263","tmbatp8y","16","false","0","","BiLSTM","","","","","","","","","false","standard","4242","true","24","0.004000000189989805","0.03219170495867729","0.13744434714317322","27.700483322143555","0.1005009263753891","0.24654030799865723","33.41279602050781","207.55839585918187","11.512575344992635","0.5354754401525617","0.9393571973226498","14.406887098161834","17.333971631255213"
"BiLSTM-standard-bs16-augFalse--seed42--fake_data_length0---pinball_loss_usageFalse---testing_stageTrue","finished","-","","","2025-10-15T10:47:06.000Z","313","tmbatp8y","16","false","0","","BiLSTM","","","","","","","","","false","standard","42","true","30","0.004000000189989805","0.02691739052534103","0.1279449164867401","26.406070709228516","0.1009371131658554","0.2436039000749588","35.81304931640625","244.36820523887607","11.691446036210603","0.5437951131397177","0.9286023926443648","15.63228087128926","17.663043664866027"
"BiLSTM-standard-bs32-augFalse--seed1234--fake_data_length0---pinball_loss_usageFalse---testing_stageTrue","finished","-","","","2025-10-15T10:43:28.000Z","215","tmbatp8y","32","false","0","","BiLSTM","","","","","","","","","false","standard","1234","true","41","0.004000000189989805","0.021762371063232425","0.11565257608890532","27.177671432495117","0.08899345248937607","0.2326616644859314","35.17387008666992","262.431960623181","12.242460434980822","0.569424016219185","0.923324664664016","16.199751869185558","17.68140287498136"
"BiLSTM-standard-bs32-augFalse--seed2021--fake_data_length0---pinball_loss_usageFalse---testing_stageTrue","finished","-","","","2025-10-15T10:39:08.000Z","256","tmbatp8y","32","false","0","","BiLSTM","","","","","","","","","false","standard","2021","true","50","0.004000000189989805","0.021981585770845413","0.11449974775314332","23.139684677124023","0.09574010223150252","0.2363065630197525","35.84986877441406","318.16676944308296","13.363059023141684","0.6215455445695527","0.9070405003952852","17.8372298702204","18.832027974010938"
"BiLSTM-standard-bs32-augFalse--seed777--fake_data_length0---pinball_loss_usageFalse---testing_stageTrue","finished","-","","","2025-10-15T10:35:25.000Z","223","tmbatp8y","32","false","0","","BiLSTM","","","","","","","","","false","standard","777","true","42","0.004000000189989805","0.02482009120285511","0.12255031615495682","27.35844039916992","0.09838414937257768","0.24815966188907623","34.52803421020508","417.1396841509333","15.129580197844808","0.7037103665330766","0.8781233616200248","20.423997751442624","20.690442737759422"
"BiLSTM-standard-bs32-augFalse--seed4242--fake_data_length0---pinball_loss_usageFalse---testing_stageTrue","finished","-","","","2025-10-15T10:31:57.000Z","206","tmbatp8y","32","false","0","","BiLSTM","","","","","","","","","false","standard","4242","true","38","0.004000000189989805","0.025632331147789955","0.1235416904091835","32.909217834472656","0.0731421634554863","0.2088601142168045","34.70974349975586","370.6776261497632","13.659680864007692","0.6353420849644585","0.891698285456207","19.252990057384935","18.353301762469567"
"BiLSTM-standard-bs32-augFalse--seed42--fake_data_length0---pinball_loss_usageFalse---testing_stageTrue","finished","-","","","2025-10-15T10:28:29.000Z","207","tmbatp8y","32","false","0","","BiLSTM","","","","","","","","","false","standard","42","true","38","0.004000000189989805","0.02451438270509243","0.12199634313583374","24.44471740722656","0.09655070304870604","0.24414114654064176","35.59352111816406","222.3394604739748","11.739615726951488","0.5460355924050896","0.935038580477084","14.91105162200087","17.70181343620918"