Timestamp,diff,DB   10DBW  196  hp pressure pump,DB   10DBW   84   HP PRESSURE  accu,DB  610DBW   12  relif valve,DB   30DBW   20  ramposition,DB   10DBW    6  ram press rign side,DB   10DBW    2   main pressure,DB   10DBW    4   ram pressure piston side,DB   30DBW   42  mand in ram,DB   30DBW   40   mand position,DB   10DBW   12   FORWARD PRESS,DB   10DBW   14  BACKWARD PRESS,DB   30DBW   80 v  cont position,DB   10DBW    8  cont for press,DB   10DBW   10  cont bkw press,DB  301DBW   90  ram speed,DB  371DBW   44  setpoint pump,DB   13DBW    2,DB  301DBW  134   puller speed,DB  301DBW  110   puller position,DB   13DBW    4  set torque,DB 1260DBD  100   TOOL SLIDE POSITION,DB   30DBW  140  DISCHARGER POSITION,DB 1300DBW    0   step ram,DB 1300DBW    2   step mand,DB 1300DBW    4  step cont,DB  301DBW   98   billet counter,DB   10DBW   90   metritis azotoy,MW   970,MW   972
2024-01-02,1025.3969,177.50928,164.94156,202.03926,567.7433,6.8601294,14.833412,18.465973,266.57062,809.34247,2.4316902,2.197521,157.39276,72.14631,4.950116,25.04663,851.24365,99.83543,24.665874,2299.5723,9109.759,846.3267,41.918446,40.12535,28.300491,24.78626,31.572569,32.846085,14.499584,11.576002
2024-01-03,12697.977,182.19446,181.8345,201.07234,579.4405,7.0500026,15.187158,18.70771,257.99353,856.67084,2.5268471,2.414233,153.097,76.15572,5.1696815,25.507221,856.2742,109.68798,25.047693,2143.8667,9092.835,846.7155,41.888287,43.240513,29.744188,27.902426,34.443512,33.680176,14.6594305,11.727065
2024-01-04,23148.637,185.40381,197.19537,199.90962,593.8969,7.1607337,15.440085,19.035841,247.66037,909.4341,2.6182604,2.6002429,149.5078,79.83125,5.4243126,26.20724,869.7313,117.792564,25.35005,1989.7144,9077.032,860.35876,40.85815,46.841377,31.229383,31.197332,35.926495,34.52666,14.830865,11.921654
2024-01-05,22863.084,185.56212,197.98529,200.56596,599.38336,7.15633,15.566163,19.274979,245.05913,920.6777,2.6404014,2.6058903,148.87573,80.416275,5.5038095,26.737778,877.0527,118.32616,25.563467,1962.8907,9074.114,868.5736,40.349194,47.770313,31.761337,31.872631,35.36109,34.8429,14.863821,11.988238
2024-01-06,20834.955,182.88026,194.35544,199.66367,593.7732,7.029844,15.336342,19.291729,245.52405,915.64044,2.6172965,2.5541952,151.6155,79.44848,5.450806,26.738321,877.8572,115.89908,25.273554,1975.8335,9078.605,872.8492,39.858246,47.3044,31.541374,31.299545,33.83646,34.850906,14.90528,12.009961
2024-01-07,6675.1567,182.78505,179.18968,204.23051,588.4304,7.027549,15.598543,19.341007,260.63983,864.9183,2.5350842,2.3474388,154.01103,76.51971,5.25329,26.787952,864.1587,109.049355,25.704231,2119.546,9090.033,845.84216,41.62571,44.018703,30.368279,28.20729,32.108524,34.758503,14.671337,11.753041
2024-01-08,1895.0511,184.39511,174.53769,206.70996,588.9601,7.0882096,15.866464,19.22324,269.29266,840.40045,2.515598,2.2886355,154.23174,75.52223,5.147881,26.666603,848.7998,107.34704,26.053495,2177.455,9094.638,816.70593,43.15128,42.256954,29.77153,26.964956,32.498787,34.58133,14.572777,11.630946
2024-01-09,16622.467,185.06926,190.68326,202.32417,594.5823,7.0551543,15.674843,19.06065,259.41742,888.65375,2.591291,2.49648,154.65851,78.24248,5.2933426,26.440453,851.2527,114.42079,25.60003,2031.7053,9085.408,821.272,41.966427,44.843323,30.606346,29.867088,34.31804,34.679737,14.8141775,11.845364
2024-01-10,21992.371,188.03123,200.1016,202.48917,607.15967,7.133139,15.960473,19.37548,255.52588,923.44525,2.637234,2.5944896,152.21307,80.51135,5.500638,26.956957,861.23566,119.063225,25.890343,1948.8245,9075.386,827.8364,41.514725,47.11961,31.433023,31.966642,35.224236,35.237885,14.872349,11.928395
2024-01-11,17565.55,190.82542,198.35918,205.72633,617.7404,7.2838616,16.42856,19.73539,256.9747,921.6275,2.6441643,2.558275,147.06317,80.924805,5.6112742,27.559797,864.4468,119.00447,26.593729,1968.4115,9072.345,825.396,42.099365,47.437237,31.703348,32.15891,35.555065,35.549526,14.8096695,11.920501
2024-01-12,23684.262,189.08086,203.32166,202.71912,618.00287,7.2560396,16.174686,19.726196,246.42319,941.16895,2.6754413,2.6345298,144.8583,81.77118,5.7092543,27.465155,870.3374,120.87522,26.292498,1908.1223,9069.49,843.5372,40.82393,48.837822,32.223045,33.51321,35.777122,35.524258,15.011693,12.133325
2024-01-13,22673.162,185.599,199.46443,200.94493,609.14435,7.1349216,15.803575,19.62365,244.24281,931.9879,2.6452615,2.590125,148.08179,80.533295,5.659719,27.21142,872.2626,118.09847,25.800482,1930.22,9074.868,858.0212,39.99748,48.275425,31.928484,32.884426,34.439766,35.255955,15.069855,12.1748295
2024-01-14,13127.352,183.13844,187.47095,202.45815,596.8323,7.047274,15.648748,19.480846,252.57097,889.91144,2.5642896,2.4290404,153.25189,77.74503,5.472751,26.936438,863.6391,111.89156,25.576801,2040.8022,9086.45,851.1797,40.660374,45.49519,30.809818,30.280365,32.578506,34.915836,14.931317,11.996567
2024-01-15,2187.4016,183.87459,176.05223,206.51425,590.6024,7.0964694,15.88725,19.331675,264.35193,840.9656,2.5021267,2.2822063,155.61404,75.51228,5.284111,26.829844,847.8196,106.9824,25.898071,2163.0752,9095.922,824.3305,42.444393,42.319107,29.709341,27.62115,32.13239,34.602596,14.706564,11.740111
2024-01-16,14071.63,184.00691,188.05257,202.79317,590.06244,7.0544453,15.657656,19.098776,254.67607,871.69995,2.5574884,2.458729,156.40585,77.65663,5.348589,26.533516,848.44354,112.562325,25.447184,2054.5227,9089.315,827.69653,41.628242,44.005104,30.318336,29.596922,33.687714,34.711807,14.890992,11.876912
2024-01-17,18705.986,187.10631,196.01628,203.18025,598.8571,7.134869,15.9212675,19.311007,250.326,896.55023,2.6021707,2.5587106,154.07744,79.800705,5.491405,26.964035,855.8105,116.87624,25.764524,1987.2605,9079.708,831.75543,41.454082,45.88897,31.01042,31.287437,34.90363,35.2373,14.921564,11.908398
2024-01-18,18410.492,190.04672,198.54585,204.99338,608.7292,7.25171,16.263927,19.573315,247.74594,905.6551,2.6332576,2.5852854,149.63008,80.97475,5.5986223,27.475733,860.5017,118.69621,26.29542,1966.6906,9073.32,831.96924,41.76734,47.015816,31.481012,32.145332,35.729607,35.612392,14.9094715,11.926913
2024-01-19,21689.887,190.24501,202.0184,204.04579,613.1793,7.2737007,16.230886,19.64272,240.4645,919.04877,2.6680744,2.6363773,146.51776,81.8301,5.676286,27.58616,865.26263,120.27057,26.351452,1926.5511,9069.117,840.6182,41.285446,48.301487,31.959644,33.18465,36.191525,35.69126,15.011764,12.051412
2024-01-20,24185.104,188.19908,202.87392,202.0007,610.71497,7.196396,15.941543,19.59606,235.16013,925.63354,2.6750422,2.6493216,146.9324,81.69095,5.684313,27.410425,869.47394,119.98246,26.031145,1905.3635,9069.278,853.12177,40.530285,48.926437,32.083008,33.556633,35.655888,35.564224,15.108115,12.1516485
2024-01-21,19553.174,186.02156,196.61125,202.10052,603.6374,7.107082,15.724729,19.533094,239.24493,907.24713,2.6289825,2.5493748,150.05803,80.01215,5.5794063,27.146255,867.1089,116.21248,25.759972,1958.3447,9075.743,852.5932,40.76638,47.739525,31.452421,32.22151,34.070847,35.34401,15.043616,12.078187
2024-01-22,2078.6497,188.13634,180.30724,209.07939,602.6834,7.236914,16.23225,19.577204,259.22537,846.88116,2.5473812,2.3081326,149.81514,77.04831,5.378804,27.27673,850.5958,109.05061,26.56911,2132.675,9087.02,816.1574,43.50681,43.8945,30.074488,28.693323,33.12867,35.015186,14.668896,11.726951
2024-01-23,13179.716,187.88705,190.71268,205.39868,604.93713,7.213474,16.005617,19.339684,252.91406,877.82947,2.5954018,2.4610052,148.24406,78.88561,5.4420123,26.833036,849.771,113.83825,26.20342,2039.04,9082.521,815.31683,42.85912,45.364372,30.653055,30.400122,34.407265,34.95532,14.831414,11.891842
2024-01-24,23840.568,188.6254,202.57335,202.4381,612.56573,7.2183185,15.946979,19.439177,245.34631,924.01337,2.646791,2.6190066,146.19455,81.426544,5.6382995,26.853073,860.8672,119.29572,26.067335,1930.1049,9073.074,832.02435,41.406742,48.103645,31.648085,32.93636,35.249466,35.270473,14.972146,12.062175
2024-01-25,18109.533,190.77644,199.00122,205.53227,620.0258,7.3528285,16.366013,19.73471,250.52754,918.9914,2.6354232,2.5590262,142.52455,81.282616,5.7178206,27.334276,863.9385,118.135574,26.729864,1972.1061,9072.311,833.138,41.66667,47.929935,31.693228,32.711903,35.13666,35.402523,14.840659,11.991496
2024-01-26,18996.781,189.72221,198.68324,204.6068,619.0326,7.37813,16.335852,19.753864,247.18,921.026,2.6418712,2.5759559,140.78914,81.23068,5.7584276,27.370071,866.7931,118.19922,26.768631,1966.8278,9072.358,845.2533,40.88604,48.073013,31.901625,33.00856,35.145317,35.3229,14.90539,12.072242
2024-01-27,22598.463,185.22546,198.34273,200.63618,606.61176,7.203845,15.794952,19.544975,241.6919,923.27637,2.6268337,2.602279,145.92848,80.498985,5.7174683,27.028307,871.3793,117.20589,25.990835,1948.2926,9076.051,868.15295,39.304768,47.97831,31.862041,32.970802,34.06388,35.07883,15.046339,12.167205
2024-01-28,9376.446,182.78453,183.07323,203.3409,590.93787,7.105487,15.694883,19.36575,253.93903,868.94037,2.5295885,2.401717,153.72711,77.04564,5.4736505,26.9432,861.21234,109.67703,25.833963,2087.2578,9090.08,858.15936,39.966373,44.173805,30.396963,29.589802,32.15363,34.670948,14.829347,11.883604
2024-01-29,2100.2415,182.55176,175.08458,205.61905,580.8472,7.081894,15.739282,19.115608,260.99762,829.4037,2.4837747,2.3107471,158.47287,75.27463,5.271209,26.851171,847.40454,106.41864,25.841923,2164.3286,9098.124,835.5051,41.036205,41.371017,29.39708,27.417198,32.087482,34.474033,14.69632,11.667391
2024-01-30,11753.153,183.1559,184.84445,203.01933,578.89246,7.0288973,15.596461,18.936306,251.63669,850.3157,2.536852,2.4696443,160.78447,77.14356,5.284524,26.735117,847.50946,111.4585,25.498657,2068.6365,9091.529,833.92426,40.700695,42.742245,29.92719,28.952642,33.652782,34.79424,14.860383,11.750542
2024-01-31,12444.928,188.02936,189.69984,205.90048,589.0508,7.160868,16.109608,19.195549,249.44008,858.3762,2.5874548,2.5335455,158.31071,78.857956,5.3647227,27.382816,849.5604,114.93494,26.175959,2034.0826,9082.352,823.7466,41.750782,43.93852,30.447304,30.025108,35.414345,35.385574,14.826039,11.698116
2024-02-01,23281.887,190.6277,202.96802,203.98828,600.17755,7.208578,16.205761,19.402395,234.89398,900.1344,2.6811354,2.7144618,154.2193,81.938805,5.5473385,27.717537,860.48016,121.65811,26.298903,1903.3287,9067.907,834.3364,41.45169,47.466606,31.75308,32.98293,37.11687,36.043808,15.040398,11.912477
2024-02-02,19012.459,193.59007,201.46968,207.24825,609.8968,7.3241134,16.570381,19.6802,234.30032,895.2752,2.7060308,2.6709476,149.87236,82.15855,5.596801,28.202911,862.41925,121.14478,26.948635,1923.4795,9064.179,827.13495,42.717113,48.087765,31.973297,33.11761,37.45438,36.222706,14.970567,11.889954
2024-02-03,24439.227,193.19861,206.72504,205.25919,614.79816,7.3092604,16.400969,19.739138,226.13492,915.26495,2.745958,2.7285743,146.43475,83.15245,5.6714873,28.062586,867.6336,123.16212,26.841581,1864.4908,9059.296,833.6676,42.60275,49.93388,32.53,34.4004,37.454906,36.30757,15.1125145,12.065556
2024-02-04,23130.264,192.01001,205.0429,204.9804,615.9031,7.2702217,16.243517,19.796585,227.74724,916.3304,2.7295198,2.6674619,145.77722,82.63286,5.6645546,27.796528,868.93555,121.512665,26.714342,1877.1692,9060.923,832.82733,42.857548,50.165264,32.361828,34.141766,36.00252,36.189304,15.08466,12.085911
2024-02-05,3850.6018,195.06274,188.77618,213.055,622.62756,7.460819,16.845467,19.96828,251.47849,865.2291,2.6469886,2.385638,141.4213,79.90336,5.517362,27.999199,853.66534,113.98915,27.764284,2062.8826,9072.157,790.7242,45.81153,46.54869,30.97669,30.655287,34.840412,35.804108,14.642782,11.741798
2024-02-06,17620.893,193.74844,201.2427,207.6932,630.9278,7.420356,16.438469,19.748234,246.46353,915.94885,2.685616,2.5457141,135.76268,82.31803,5.6609406,27.206797,854.8006,119.14587,27.219833,1948.0452,9068.27,793.23,44.235237,48.83468,31.71688,32.860737,35.191456,35.69393,14.844298,12.031528
2024-02-07,21700.701,195.03664,206.71712,207.08925,644.2242,7.536432,16.580545,19.912086,248.90881,952.85236,2.6936226,2.5944288,127.87069,83.96349,5.881739,27.05453,860.0544,121.377464,27.536995,1913.999,9064.713,802.8799,42.607246,50.271564,32.272625,34.417458,35.130463,35.71281,14.832211,12.166472
2024-02-08,25015.146,194.75687,209.22304,205.94781,650.5033,7.687159,16.767565,20.135498,248.16159,980.0334,2.7037745,2.6382627,119.6666,84.89714,6.0956607,27.016897,868.2879,122.83972,27.947685,1892.0394,9061.307,830.8892,40.384834,51.231186,32.971024,35.86389,34.917892,35.666374,14.884511,12.350624
2024-02-09,21464.092,189.52281,199.689,204.21565,635.1019,7.6442294,16.589455,20.099005,255.51057,964.3754,2.64611,2.5649643,122.03446,82.88876,6.062231,26.828417,872.9407,118.630646,27.713213,1955.7587,9068.721,867.1588,37.891216,49.07444,32.663063,34.562508,33.109764,35.018364,14.879609,12.382611
2024-02-10,8026.4136,180.13445,176.81067,203.26485,597.7337,7.3527427,15.969371,19.50982,274.6923,894.14545,2.484958,2.333508,138.14865,77.616516,5.6770377,26.327568,862.74805,108.64383,26.713808,2121.4314,9090.961,884.5722,35.029808,42.585083,30.45634,29.422642,29.952723,33.821205,14.714766,12.105809
2024-02-11,1641.4877,170.29646,160.39778,199.72052,556.16077,6.902105,14.938317,18.460526,284.77823,830.8999,2.3369946,2.2022524,160.30412,73.088005,5.2139444,25.447252,845.2936,102.52726,25.089054,2211.5664,9111.737,889.57556,31.183662,36.701946,27.965708,24.745375,28.199535,32.7854,14.687273,11.845082
2024-02-12,2072.6467,167.15411,155.03854,197.89197,533.5934,6.642319,14.395012,17.673037,284.40045,798.51465,2.2783105,2.2186031,176.53012,71.35113,4.9104724,25.147818,829.9545,103.6434,24.19872,2212.497,9118.133,881.1644,28.699265,34.113445,26.488985,22.637173,30.085894,32.517307,14.724973,11.640041
2024-02-13,12578.729,171.72624,164.79982,196.76653,539.072,6.615251,14.383,17.542578,273.92062,823.3222,2.3437886,2.4424608,181.84709,74.048256,4.944266,25.810978,827.91003,113.50022,24.15518,2084.0486,9103.202,874.08246,28.190994,36.85127,27.028112,24.499,34.158386,33.406754,14.873609,11.627493
2024-02-14,21941.377,179.67264,176.2806,196.97884,561.2266,6.629404,14.458147,17.782253,268.62637,879.99756,2.4223242,2.6651487,180.88762,78.23719,5.219984,27.084454,829.4127,123.41026,24.544464,1948.8431,9082.867,856.3196,28.968824,41.746445,28.278221,27.398962,36.114475,34.983067,14.916557,11.638314
2024-02-15,22135.713,181.16249,172.41182,192.56229,581.487,5.871145,13.332473,17.800703,324.98663,991.92255,2.2007115,2.6399,183.76506,80.11604,5.5495496,27.35364,794.1409,122.39365,22.484015,1913.2786,9085.309,762.2076,26.581055,43.205708,27.247398,25.816628,28.235647,36.74494,14.543366,11.436644
2024-02-16,22676.682,299.1918,293.55096,271.169,963.26935,10.762847,27.528168,30.89173,160.53201,1123.8032,4.66227,4.028579,15.376473,133.44133,10.321517,44.89255,919.8087,182.12929,40.464413,844.255,8849.981,453.4764,59.95026,90.711464,46.95878,65.43281,45.976368,53.219017,15.15895,11.708625
2024-02-17,20688.658,282.52905,277.33148,251.42094,913.8219,9.993055,23.830902,27.04838,221.33888,1135.1582,3.9636574,3.7314816,29.40764,122.1831,7.018403,40.520023,930.36145,174.53743,40.27685,696.58276,8939.643,363.14465,71.41447,67.047455,47.63947,43.725464,43.13229,57.25162,15.3809805,12.529056
2024-02-18,24885.738,299.32257,293.61688,293.6044,823.90137,12.539236,31.84375,35.954514,231.91006,1055.8103,5.360185,4.982523,13.892938,138.4662,8.536805,52.574883,857.19476,202.70045,50.61551,922.32275,8727.774,371.33014,66.696526,84.90451,55.881134,54.482872,61.493286,62.392708,16.07595,12.499419
2024-02-19,9095.458,82.895485,81.32674,163.08633,266.2488,3.910185,11.222917,12.287037,764.7115,1030.9607,1.7354167,1.5459491,50.144325,36.067593,3.195486,18.053356,965.8676,50.8547,16.501041,3103.464,9265.203,1508.3995,23.33125,27.94317,19.925232,18.146759,33.353355,22.397917,14.511773,12.021157
2024-02-20,14950.905,118.28154,116.34926,123.28463,285.51767,1.9636493,4.8954625,4.520788,756.87415,1042.393,0.76122606,0.6455215,44.12568,51.159184,2.1190305,6.1974354,986.17535,37.32777,6.226895,2974.625,9432.73,1321.0237,7.792113,10.214775,6.8431935,6.353291,2.673795,21.83749,14.040889,11.370267
2024-02-21,23841.42,135.42899,134.49316,165.98488,410.95175,3.4983592,9.569897,12.536683,247.9913,652.3194,2.0629354,2.5438793,223.72801,48.416992,4.777398,16.93964,736.8377,73.87253,16.944155,2645.7402,9243.392,925.40314,31.900642,29.65485,22.354055,17.739864,20.883162,20.813202,15.66905,11.625352
2024-02-22,16496.477,152.11879,156.25241,177.6803,435.42365,4.1767545,11.937998,15.011754,309.47308,722.1039,2.0466943,2.7303193,179.92026,57.48706,5.427318,21.510433,813.752,90.50045,20.857103,2516.2615,9185.228,938.69366,36.873264,31.90993,23.550257,19.96685,27.094948,26.472666,15.115707,10.663019
2024-02-23,25732.709,150.79456,169.21722,170.83258,449.7976,4.267442,11.523736,15.586511,300.8689,781.4994,2.0495088,2.9323452,157.70828,64.605606,5.6495976,23.041613,840.1101,103.505035,19.930582,2209.692,9164.367,960.71594,32.1852,33.374214,24.543022,20.551277,27.222256,29.626059,15.649823,10.857272
2024-02-24,19932.695,138.58778,145.12085,163.85155,416.52408,3.9076395,9.500113,14.996322,261.97006,723.18024,1.9603482,2.7528331,171.05635,62.352665,5.1926503,22.269289,815.2571,97.9296,17.194345,2179.6326,9176.099,958.97076,24.568708,29.247095,23.70153,15.710754,25.53606,29.659906,16.138742,11.1510105
2024-02-25,25321.934,134.37413,135.95009,159.26057,381.7133,3.7617686,7.6654906,14.381583,207.65114,670.2151,2.0841296,2.7667632,188.11217,62.073837,4.7574177,21.789299,806.7698,98.32658,15.265639,2090.4658,9169.72,969.7262,21.389963,30.479557,24.616318,15.190546,29.996927,29.631737,16.613842,11.588056
2024-02-26,2874.8997,146.69359,114.002464,172.48311,371.48267,4.0226526,7.895983,14.598287,208.83147,565.17584,2.2219608,2.5103827,198.32494,60.28061,4.282878,23.729694,793.4079,89.91379,16.649496,2278.1787,9167.45,888.10583,31.32882,28.898075,25.127018,11.829168,33.40734,31.02397,16.030386,11.100945
2024-02-27,11739.309,251.40657,247.61266,193.04765,962.06274,6.283977,13.994083,15.905998,267.27032,1229.3335,2.075267,2.4443715,85.549545,61.28907,5.66705,25.549055,859.5515,106.87988,24.32687,704.14246,9151.952,871.1085,46.42235,40.218735,28.278225,25.77124,16.280197,28.829088,14.450506,11.950795
2024-02-28,20242.707,295.86795,290.639,221.98566,897.61005,9.247917,17.54213,20.29919,169.45775,1067.0685,2.5453703,3.1622686,18.518747,120.86134,5.985648,31.659721,940.89966,150.4027,31.685879,685.9302,9051.259,555.6436,97.05614,76.2603,35.758682,57.632637,26.711344,34.79456,15.574662,12.605655
2024-02-29,16704.14,230.31122,226.31285,216.84618,614.5881,7.204861,18.878471,21.334028,136.3743,750.9631,3.2604167,3.0305555,73.938545,98.03067,4.178241,33.68669,924.89386,106.07978,31.405556,1723.7258,9032.49,805.0764,227.05116,52.274307,36.573494,33.665394,68.23449,32.07743,15.286945,13.335949
2024-03-01,21811.271,298.45343,293.16385,185.53949,1105.9607,5.474263,13.372495,15.206679,300.01926,1405.9827,2.2440078,2.4023576,5.8860564,156.72496,3.8035364,23.844007,962.0338,142.77007,23.835363,412.1167,9164.585,176.4178,34.16896,39.824753,28.471512,26.008251,14.435756,23.793713,15.547527,12.328366
2024-03-02,20627.21,299.16226,293.43524,291.35922,1008.1785,11.000854,28.965273,32.644463,269.84998,1278.0331,4.4301167,3.9109025,15.514092,136.69997,7.775121,47.93567,833.5295,185.57417,46.258186,794.1609,8820.448,402.66705,71.608025,77.23456,54.331627,49.12582,37.1651,52.563053,15.770703,12.51808
2024-03-03,26142.242,299.264,293.45172,312.39108,933.2168,13.649306,34.14236,38.827545,229.81377,1163.0345,5.9756947,5.447222,18.6794,127.04954,9.343518,59.29919,906.48346,214.05797,56.1,990.5719,8678.3125,487.60876,82.5743,93.370255,64.91447,60.00104,65.647224,62.367477,15.647053,12.02959
2024-03-04,9776.429,83.22835,81.64341,167.75555,284.0862,4.030903,10.9986105,12.429976,758.9189,1043.004,1.9909722,1.8049768,56.992363,35.996063,2.9844906,19.595602,969.228,57.550194,17.804398,3107.8457,9244.986,1506.2815,23.460648,29.614584,20.896528,19.514467,36.932293,18.759722,13.633406,10.8265295
2024-03-05,15860.552,195.03021,191.51262,205.11308,522.53357,7.015162,17.287268,19.110533,402.08008,924.61096,2.8811343,2.6903934,37.186806,82.318985,4.8939815,28.921064,952.1679,118.627525,27.604977,1970.4968,9109.366,985.3867,38.5897,47.1625,33.82037,31.756714,17.203125,32.77882,13.807643,10.4043865
2024-03-06,19689.049,298.93747,293.38364,252.01747,948.5398,9.6174,22.613207,25.643257,242.5601,1191.1034,3.7809224,3.538784,9.992661,148.30049,6.301188,40.197063,941.48883,174.61078,38.07093,668.4668,8950.044,271.40585,49.757862,62.15933,44.404263,40.31307,75.594345,40.571278,14.891497,11.205809
2024-03-07,18310.578,168.46794,174.60345,196.97879,574.7193,6.6356273,13.022602,17.424324,185.8108,867.0547,2.49569,2.4981244,161.04572,74.86177,5.226762,23.07108,858.3216,106.33735,24.468193,2119.0818,9093.123,828.76025,33.459282,48.047356,28.7916,30.135689,31.518595,32.038815,15.284447,12.537535
2024-03-08,25391.326,177.60149,193.57121,190.68692,596.2538,6.356453,13.321228,16.980171,257.74387,952.86414,2.3110888,2.4759526,137.87022,75.46296,5.4857335,21.75689,790.4266,116.87565,23.812399,1986.8812,9123.394,713.73254,32.18171,48.363373,26.090837,30.559076,27.285616,32.894005,14.616944,11.8439245
2024-03-09,19541.893,288.1421,282.75882,284.99744,918.9566,11.4629755,28.404697,32.03994,188.84521,1107.8046,3.6799793,4.592218,35.336647,120.557594,7.782482,44.80545,746.29175,189.24591,46.564964,862.07117,8806.18,541.0661,120.62684,83.32499,59.07096,53.960403,42.34419,60.429382,14.626514,11.810808
2024-03-10,21722.725,284.85788,279.42938,251.76181,900.9202,10.597569,25.389006,28.608334,179.93819,1080.8588,4.11875,3.758102,15.448037,123.885765,7.6274304,40.820255,866.6404,185.72154,39.368404,777.18445,8903.357,443.2699,60.17442,83.13993,39.415047,59.48727,44.30949,47.585186,15.808226,12.636824
2024-03-11,7472.3545,63.722805,62.52697,150.86829,211.45036,3.02419,8.236111,9.235995,815.201,1026.6512,1.3746527,1.2681713,336.84164,26.890047,1.8739583,14.333448,977.7124,35.661907,13.182985,3290.6182,9314.1,1605.3363,17.77905,21.829746,15.330208,13.796528,9.745484,15.315393,14.147781,12.230413
2024-03-12,14807.076,0.000789532,-1.8227549e-06,100.0,4.999983,1.6488666e-08,0.90192926,-8.288077e-07,966.0,971.0,9.174945e-08,-1.08541926e-07,423.00003,1.5716572e-06,0.9228042,1.855276e-07,1000.0,3.233095e-06,-1.6050388e-06,3848.0,9520.0,1904.3676,0.9999985,0.23631291,0.15793464,0.1024022,-2.5373001e-06,0.77668613,13.895838,12.03537
2024-03-13,22867.244,166.55939,166.37956,188.51936,473.73584,6.297886,15.272935,16.308954,176.1704,629.6048,2.404019,2.5106738,153.01917,60.84816,5.151265,20.202782,716.8749,116.0861,25.189636,2342.112,9180.959,806.56573,43.382023,37.93491,25.824905,24.068481,35.931103,25.914211,16.011011,12.457468
2024-03-14,16384.736,160.4948,157.65982,188.06966,445.5337,5.3998694,14.232581,16.04491,240.48943,649.37384,2.135373,2.5030646,160.4812,58.207943,5.2598667,21.882586,790.05896,110.61781,24.712254,2418.8962,9165.456,907.9211,41.47438,36.906868,22.331978,20.950256,35.142033,27.443348,15.43882,11.3166275
2024-03-15,24030.795,160.81581,154.12474,182.33446,449.05457,4.4575753,12.573439,15.389809,293.7715,733.0374,2.0383039,2.6980963,167.60617,60.761425,5.4506,23.650442,827.2502,113.108,22.410002,2319.815,9155.677,937.0074,38.007084,39.35969,21.791088,20.215143,36.664036,29.35502,15.151138,11.011861
2024-03-16,20368.357,298.9581,293.42636,246.44675,938.14703,10.218197,22.456427,25.297497,129.54039,1067.6907,2.451252,3.145242,17.477465,127.73005,10.009349,30.416027,738.9441,93.43155,31.80434,582.24097,9001.88,487.08612,50.737896,92.82538,39.289314,70.496826,24.595158,47.548916,18.324875,15.415359
2024-03-17,26059.244,299.28033,293.3743,312.52026,948.6427,13.610533,34.548725,39.114235,206.44826,1155.0891,5.878588,5.6612267,18.309954,123.297455,7.945255,59.29132,901.6264,250.4897,56.072453,1027.4696,8650.141,519.96796,87.02257,93.65255,64.67292,60.57998,66.18889,61.55463,18.63993,15.369676
2024-03-18,7099.8774,59.39004,58.258575,144.9757,199.47466,2.9216433,7.023148,7.9584494,822.14465,1021.62,1.1969907,1.3516203,337.983,24.56748,1.7488427,12.200463,978.28876,53.18808,12.641666,3328.65,9333.326,1624.3761,15.270718,20.25926,13.928356,12.802315,19.442709,12.508797,17.328125,14.251967
2024-03-19,14511.036,212.15833,208.3316,197.51517,488.23135,6.8305554,14.794444,16.518055,398.94977,887.18274,2.5211806,2.500926,135.81459,101.02581,3.9681714,25.978588,933.76715,106.10625,26.241783,1936.7245,9143.536,772.37726,44.16875,42.697453,30.49618,28.199537,13.469329,32.02581,16.962152,13.892014
2024-03-20,20424.848,299.0889,293.39352,254.16516,995.5435,9.948727,22.992939,26.072107,169.42188,1164.9656,3.4238427,3.4539351,21.96898,115.67338,10.143171,36.785187,851.1876,138.48344,36.089005,679.172,8954.714,631.0428,61.8169,96.39595,41.66771,74.29155,32.25833,48.535763,18.623264,15.596875
2024-03-21,18316.572,240.80902,236.47673,238.9551,716.3764,8.774537,21.69537,24.60486,355.46423,1071.8411,3.7524304,3.613426,81.41435,91.3059,5.695949,38.590626,918.0147,158.69548,37.012615,1751.3983,8958.798,695.426,53.26273,61.58831,43.627083,40.572685,46.029396,41.012268,19.408566,16.341087
2024-03-22,25503.389,299.2263,293.34595,309.31006,960.2287,13.324884,33.105556,37.681713,208.23148,1168.4606,5.5070605,5.1809025,17.037966,127.052315,7.8859954,57.72072,904.71564,229.21216,54.90324,984.50635,8668.746,474.72397,73.70868,94.677666,65.70532,61.48345,63.893982,66.068405,18.410532,15.142245
2024-03-23,18089.84,299.09515,293.39178,236.06169,818.063,8.92338,21.66331,24.37523,223.12442,1041.1896,2.7533565,2.9077547,12.797341,139.4581,5.0359955,30.231598,741.90796,117.58171,33.656483,569.4381,9020.545,350.7209,45.060997,59.12998,35.448032,37.45301,25.818634,46.148262,17.420023,14.283333
2024-03-24,21646.854,234.85185,230.24664,276.01123,785.092,10.726504,29.012384,32.74074,252.0162,1037.1073,4.93831,4.428935,32.25139,96.341896,6.6585646,49.820835,904.17096,204.57106,46.55081,1683.1654,8789.963,809.13055,61.723034,78.57304,55.356598,51.156597,88.41319,59.148613,18.568403,15.3432865
2024-03-25,2093.6448,0.08808506,-1.8227549e-06,100.0,4.999983,1.6488666e-08,0.8822912,-8.288077e-07,334.0,339.0,9.174945e-08,-1.08541926e-07,82.0,1.5716572e-06,0.669792,1.855276e-07,999.6303,3.233095e-06,-1.6050388e-06,3848.0,9520.0,1904.5216,0.9999985,0.33981326,0.23541877,0.076042645,120.0,6.978934,19.0,16.0
2024-03-26,1929.7748,0.034374125,-1.8227549e-06,100.0,4.999983,1.6488666e-08,0.82650506,-8.288077e-07,333.75406,338.75406,9.174945e-08,-1.08541926e-07,82.0,1.5716572e-06,0.48622686,1.855276e-07,1000.0,3.233095e-06,-1.6050388e-06,3848.0,9520.0,1904.5441,0.9999985,0.19398122,0.2372689,0.1805539,120.0,0.003702583,19.0,16.0
2024-03-27,15540.715,208.80775,205.01643,224.15845,655.25055,7.8631945,19.829166,22.012848,263.36932,918.6169,2.8534722,3.2019677,38.412384,88.90023,6.145486,31.396875,871.2404,120.75602,32.216087,2007.5426,9033.68,898.86584,55.275578,54.551273,38.195023,34.924305,55.053818,39.1647,18.528934,15.390857
2024-03-28,16946.676,282.2977,277.50378,203.93498,492.15857,6.732178,16.167162,18.491915,173.73283,665.88995,3.1080859,2.7981849,114.54819,83.27046,4.986799,28.94043,942.0685,124.93301,27.419308,2218.9985,9101.106,747.0778,43.94505,44.99208,32.103466,29.276237,52.31419,27.596369,17.964687,14.811881
2024-03-29,26409.275,298.9305,293.14392,309.7826,963.893,13.301968,33.382225,37.669125,183.488,1147.3853,5.915129,4.806273,18.554422,128.93388,10.133764,57.89422,905.6439,259.19955,53.076878,974.5726,8675.131,436.7017,72.50984,89.93266,64.7337,58.47202,58.87946,66.016914,18.397602,15.131611
2024-03-30,21423.373,299.00464,293.23322,270.4317,875.5324,12.892709,25.268866,28.922222,123.04236,998.57025,3.792361,4.139699,38.87812,122.56933,8.554051,42.946064,795.27686,161.59027,44.427895,772.026,8745.285,470.36502,59.723843,74.14224,52.283566,47.46586,30.279976,49.355324,18.016552,14.925116
2024-03-31,18110.434,225.42569,221.09976,236.12349,604.1542,9.439352,21.374306,24.345024,149.86539,754.0176,3.6965277,3.0940971,157.67175,104.77963,6.610648,36.502777,858.074,160.22443,35.68125,1615.056,8962.333,752.8837,45.971413,59.70185,37.21134,38.139122,60.790627,36.767593,17.102777,13.953357
2024-04-01,1831.9388,0.00011814525,-1.8227549e-06,100.0,0.9999826,1.6488666e-08,0.30458963,-8.288077e-07,-8.420249e-06,0.9999539,9.174945e-08,-1.08541926e-07,573.0,1.5716572e-06,2.8974708e-07,1.855276e-07,995.6845,3.233095e-06,-1.6050388e-06,3848.0,9520.0,1904.3246,0.9999985,0.26570132,0.263041,0.23236893,-2.5373001e-06,1.9544663,16.0,13.0
2024-04-02,14919.264,193.07986,189.72731,198.9949,474.2985,6.859375,16.302546,18.081944,115.12963,589.42694,2.6938658,2.3253472,199.0551,83.17326,5.005787,27.896759,922.89886,124.15949,26.39236,1873.8329,9119.488,882.9175,45.228703,43.291782,30.082176,27.631712,20.398727,30.571991,17.368055,14.178935
2024-04-03,20787.227,298.8808,293.36456,271.4757,817.02606,11.663889,27.121643,30.459723,204.82893,1021.8537,3.382639,3.5625,14.09768,140.33333,8.148843,39.71134,722.591,149.63217,43.14595,732.59656,8863.884,362.61868,55.792477,73.96817,44.273613,46.746414,32.037384,49.846413,17.05324,13.927083
2024-04-04,9608.266,109.82222,108.016205,166.58623,288.51608,3.996875,10.835185,12.141204,341.20392,629.72015,2.7064815,1.7774305,448.67096,38.028008,3.4167824,19.271412,451.5234,81.50382,17.755672,3036.4512,9242.113,251.9781,22.748611,29.833912,20.781366,19.357756,37.697685,18.752663,19.045717,15.195139
2024-04-05,14392.433,126.186844,124.20644,132.49821,282.7148,2.7607837,5.141459,5.608966,651.1833,933.8968,0.86683,0.8137126,430.89377,28.04577,1.922961,8.489922,699.59314,36.703144,8.592014,2412.7236,9381.003,273.60568,26.476736,12.851006,9.450178,8.306837,3.88849,12.951778,18.699568,14.848747
2024-04-06,21825.93,256.1081,256.89343,232.68839,749.96747,10.65122,25.569536,25.633728,278.07483,1034.7102,3.0649078,3.008999,107.47413,94.51563,6.9794393,36.244198,926.1111,193.00035,40.29039,1451.704,8949.278,650.09106,62.542694,63.183525,39.906677,45.666794,62.9545,45.941147,15.3365755,12.235834
2024-04-07,20629.043,199.55467,200.17038,204.84328,582.0557,7.857841,18.188435,17.964432,254.77077,842.81647,2.771032,2.6398885,170.16464,77.96269,5.2618155,26.58585,874.7633,139.31763,30.869368,2037.473,9067.057,808.6504,41.918407,49.353653,33.150803,32.847923,40.683495,33.97064,14.610035,11.490232
2024-04-08,2045.5844,195.15181,179.40636,210.0964,550.5362,7.6895156,17.481665,18.088066,277.04294,790.88257,2.6912532,2.5212214,174.81801,75.113174,5.0984297,28.82266,906.03766,131.83803,30.960945,2173.245,9095.707,818.6511,43.119896,45.43551,32.049435,29.149029,41.09742,33.801815,14.119111,10.885878
2024-04-09,16138.795,196.13908,197.61586,205.53375,554.18945,7.5353103,16.659456,18.251158,246.4173,833.23193,2.7469137,2.8323212,169.42563,80.030655,5.427205,30.310925,906.14874,144.81609,30.444168,1881.5015,9094.458,805.1605,43.32949,49.96839,32.344994,32.336205,41.487625,35.677208,14.535103,11.112532
2024-04-10,19631.428,198.32037,204.76915,206.14822,562.16504,7.13594,15.89765,18.566422,220.11679,870.406,2.7130089,2.9498746,174.9457,82.77218,5.760584,31.27978,890.89844,150.37564,29.994774,1704.2993,9095.969,741.9715,45.158806,54.07143,31.657047,33.769985,36.401825,37.85741,14.724258,11.261084
2024-04-11,18489.133,204.33368,207.099,206.73088,577.43536,6.356292,15.028127,19.318966,276.95926,989.4142,2.5041645,2.9532561,175.65427,86.9489,6.2470016,31.685402,838.75757,151.20844,28.292194,1576.6184,9105.045,579.40546,43.949863,56.734585,30.00414,32.636738,25.345282,41.906155,14.420743,11.187927
2024-04-12,25049.082,294.7116,289.15372,311.04242,996.6113,13.268178,35.55274,39.960278,248.65709,1245.2657,5.7811937,5.7266607,16.40597,132.88779,10.4443445,59.522217,900.0182,246.92438,57.447487,1016.1966,8643.164,400.4189,71.320015,95.162254,65.73496,60.715214,65.56979,69.78905,18.382406,15.168761
2024-04-13,20258.045,298.9912,293.39203,255.17847,948.3785,9.802662,24.254051,27.36632,216.56956,1164.9519,3.506713,3.4917824,21.165743,125.47222,13.407523,37.012962,821.4087,129.95428,36.411343,626.27295,8936.8125,567.2265,53.08449,94.20127,41.582985,72.24595,51.450462,46.588543,17.791782,14.77581
2024-04-14,25047.352,289.14767,283.5434,307.41425,928.37823,12.805208,33.44699,37.82581,264.64966,1193.0189,5.5412035,5.087847,19.301271,128.4096,10.695486,57.678703,905.7344,261.1758,54.075928,1238.9435,8692.5625,499.8073,73.86898,92.55914,61.00405,60.842014,72.146645,59.80949,18.526157,15.332407
2024-04-15,2180.6858,0.00069797924,-1.8227549e-06,100.0,0.9999826,1.6488666e-08,-5.948485e-07,-8.288077e-07,966.4137,967.41364,9.174945e-08,-1.08541926e-07,63.0,1.5716572e-06,0.00011568434,1.855276e-07,995.65045,3.233095e-06,-1.6050388e-06,3857.0,9520.0,1904.0233,1.0001168,0.32141116,0.047918763,0.12002229,-2.5373001e-06,0.0020813367,18.0,15.0
2024-04-16,10927.461,191.27466,188.19086,157.96284,478.50717,4.326736,9.840046,10.990277,445.35254,923.8595,1.7354167,1.6210648,74.72304,72.08565,3.6700232,16.294098,845.27374,62.56435,15.504166,2457.1433,9275.64,893.8301,29.085417,26.728008,17.657177,17.490278,7.324653,17.65023,17.880903,14.792477
2024-04-17,19621.252,298.90045,293.3206,232.88403,732.8559,9.69456,19.546644,22.301968,180.89098,913.7491,2.8799767,3.2702546,12.805444,142.88646,6.6207175,33.09514,889.2346,128.43253,35.614468,600.0996,9012.958,321.0339,48.716667,59.34317,40.61493,39.405903,24.344675,41.203587,17.485996,14.428935
2024-04-18,18544.744,178.1431,174.92957,212.11377,450.12424,6.7487392,17.853727,20.14179,224.84308,674.9658,3.323557,3.1367457,517.5692,57.223053,5.225294,31.428171,938.6185,137.72221,29.522137,2393.164,9071.182,1275.185,38.65776,47.963573,34.26583,31.484962,65.22604,32.18345,17.119558,13.972539
2024-04-19,24090.342,299.03897,293.1076,300.91556,927.01746,13.231832,31.851807,36.090946,237.44011,1164.4515,5.169306,4.881851,56.042625,129.24808,10.162809,55.909866,906.0499,248.91231,53.61632,1102.0876,8701.567,405.83118,76.28177,87.37028,60.43849,55.062527,43.84937,59.38327,17.396265,14.234267
2024-04-20,22390.23,299.15393,293.33228,277.0266,808.734,11.618056,27.173727,30.888542,214.12268,1022.8599,4.1046295,4.4375,17.55845,132.6375,9.017014,45.279053,857.7889,184.97072,47.063194,810.33813,8845.69,442.01813,63.124424,79.29097,53.80081,52.29398,53.24757,51.775578,17.16493,14.03669
2024-04-21,17474.875,182.86076,179.23541,245.97743,594.4979,8.767592,23.3147,26.33264,142.35022,736.8448,4.123727,3.7681713,205.46794,82.05104,6.7787037,40.04977,930.5736,177.13403,36.73808,2167.572,8942.572,1006.52563,46.007175,61.12662,42.95729,39.269676,55.497105,40.44537,17.990393,14.785532
2024-04-22,1916.847,0.004619488,-1.8227549e-06,100.0,1.9999826,1.6488666e-08,0.39988458,-8.288077e-07,-1.0000085,0.9999539,9.174945e-08,-1.08541926e-07,500.00003,1.5716572e-06,0.07858782,1.855276e-07,992.71954,3.233095e-06,-1.6050388e-06,3847.0,9520.0,1904.2805,0.9999985,0.13124852,0.22951362,0.1281247,-2.5373001e-06,0.46851963,17.0,14.0
2024-04-23,14906.427,192.63878,189.29884,203.56354,448.0713,6.865741,17.479746,19.346296,114.494446,562.56494,2.758449,2.640625,267.6941,80.899536,5.2150464,27.66736,942.63635,124.28889,27.001041,2025.7882,9118.082,874.30566,43.45926,44.520138,30.242825,28.18669,36.597687,31.44294,17.855787,14.688079
2024-04-24,22742.78,299.0124,293.23425,271.32605,799.5808,11.155556,26.28727,29.871065,203.18889,1002.77234,4.2518516,4.346412,30.703707,122.70232,8.476042,46.445717,874.547,188.42847,46.961,846.5569,8849.413,541.5365,57.549652,75.83518,53.38935,49.330788,53.524536,53.05764,18.05463,14.937615
2024-04-25,18822.822,290.04703,284.53943,304.06848,841.18536,12.406984,31.270056,35.512794,188.10408,1029.2919,5.5369987,5.096473,75.68914,113.43949,9.514869,56.586792,911.29425,275.16043,53.825726,1610.3589,8719.413,584.68225,63.408024,86.40975,60.816734,56.287346,107.96092,58.142117,18.300484,15.19018
2024-04-26,22598.836,299.2294,293.30252,308.006,912.0884,13.161109,34.38128,38.816795,226.39133,1138.4753,6.3406987,5.5701084,92.46002,125.85697,10.49096,57.182804,905.726,226.75572,55.573723,970.97424,8673.833,504.9736,65.985535,91.7493,62.394535,59.068302,79.62515,62.366817,18.858578,15.578144
2024-04-27,20873.1,299.05438,293.2919,240.64363,841.8963,10.533565,20.93993,24.057407,150.73322,992.6285,3.127662,3.6851852,19.307291,127.7213,11.4875,38.02766,933.43854,129.37338,38.19757,722.103,8988.382,511.4339,53.453472,83.676155,43.917362,62.76192,43.43021,45.36412,18.995138,15.972569
2024-04-28,10693.751,149.6426,146.85799,162.16054,439.6786,4.3569446,10.062615,11.424074,72.39791,512.07526,1.7353009,1.5766203,38.906708,69.57604,4.623148,16.6419,967.3271,67.010185,16.313541,2246.9297,9270.909,1147.3938,29.280903,34.646645,18.031366,25.062384,25.173843,17.876736,18.85243,15.864004
2024-04-29,1916.5052,0.00011814525,-1.8227549e-06,100.0,1.9999826,1.6488666e-08,0.05891359,-8.288077e-07,-1.0000085,0.9999539,9.174945e-08,-1.08541926e-07,63.0,1.5716572e-06,0.45358783,1.855276e-07,996.19604,3.233095e-06,-1.6050388e-06,3861.0,9520.0,1907.292,0.9999985,0.17499928,0.17546317,0.0928235,-2.5373001e-06,-1.4879416e-06,19.0,16.0
2024-04-30,14441.173,204.23727,200.53506,197.88484,493.614,6.5894675,16.61632,18.376505,129.70601,623.3191,2.821875,2.585764,44.76632,82.85093,4.7070603,27.90544,916.2133,112.340744,25.339352,2039.0098,9103.03,838.03326,44.7875,42.58588,29.358334,27.579166,35.90278,27.523727,18.505903,15.365856
2024-05-01,19078.455,298.84677,293.28967,176.33992,792.094,5.221945,12.989253,14.449887,189.74457,981.838,2.2414396,2.1169708,10.309419,147.47563,4.0109973,21.51837,965.965,80.299675,19.900524,366.07947,9198.389,286.27463,31.653336,35.942017,25.218445,24.360159,19.729319,24.020994,18.501625,15.065734
2024-05-02,17975.482,162.0242,167.23167,189.0665,486.4128,5.2733493,11.648673,17.187088,164.91534,742.58124,2.3127372,2.4690952,184.43822,62.51277,5.5453615,18.81339,872.88043,90.56599,22.560558,2285.1562,9111.553,979.7708,35.752434,41.625454,26.971106,24.330818,35.704155,28.981524,15.380289,11.543336
2024-05-03,23585.252,145.36461,158.34348,175.28563,426.67856,4.7857037,9.929704,15.32997,174.6336,686.02545,2.220731,2.4017599,178.04585,59.723362,4.94651,16.32317,875.5991,82.92554,20.334179,2374.3772,9142.044,1066.6763,34.575954,39.00801,26.025703,21.478752,28.362207,25.83797,15.153516,11.449078
2024-05-04,21980.586,130.25941,142.72043,167.2329,382.62247,4.3428903,8.48086,14.125228,195.38669,644.9511,2.1251965,2.2539732,176.7798,55.34375,4.4394097,15.670411,898.97754,72.6692,18.156958,2493.7773,9167.231,1146.5696,35.896038,36.5949,24.862488,18.611807,26.159513,23.759848,15.113526,11.551068
2024-05-05,8558.005,129.0872,125.92173,170.3511,375.9496,4.4271197,8.779951,14.037587,230.54204,607.07996,2.0537872,2.0244467,172.43082,52.14958,4.0750937,16.99813,904.6306,66.21489,18.080082,2635.807,9178.597,1153.4613,41.093697,34.008713,24.119905,15.627064,26.482803,24.084005,14.925614,11.47147
2024-05-06,3587.7795,147.36,136.37193,181.00832,425.9282,5.3208222,11.211087,15.619134,256.2291,648.7389,2.1680982,2.0798984,156.52933,57.16366,4.280849,20.616972,905.60815,79.56045,20.670782,2536.4053,9147.536,1096.7559,47.88857,37.104057,26.03223,18.213167,31.506607,28.094234,14.927775,11.583417
2024-05-07,2961.472,177.87204,162.55582,197.58017,515.3835,6.721729,14.934758,18.19525,259.7557,735.9708,2.4225373,2.2783072,141.2138,66.768745,4.875558,25.274187,898.8298,103.055435,24.786255,2307.4146,9093.8955,997.2963,55.13124,43.85077,30.091856,24.414904,37.430004,33.69911,15.040905,11.86039
2024-05-08,2841.7825,200.58493,181.08331,210.87238,583.38525,7.7374496,17.483442,19.853998,241.76486,792.10126,2.6526766,2.429313,137.28578,74.20691,5.331992,27.952305,878.9991,117.91554,27.792152,2159.277,9058.012,905.4615,59.52335,49.068348,33.234737,29.057575,40.347263,36.788006,15.103755,12.055279
2024-05-09,12812.719,185.85164,184.71681,200.88011,551.79095,7.088705,14.93395,18.4134,193.59946,768.6172,2.6727061,2.7014492,155.19003,76.71943,5.287625,27.288103,843.9399,114.05006,25.700241,2075.515,9096.005,822.1905,46.066048,43.928047,31.01805,29.578346,38.32279,34.477333,15.260068,11.790184
2024-05-10,22672.535,193.18587,202.33139,202.70874,566.1905,7.446124,15.62457,19.010664,174.1646,805.6636,2.8152726,2.9045482,145.33302,81.98505,5.5110803,28.193098,852.65765,125.73942,27.01691,1900.8491,9071.22,813.117,49.024246,48.489273,33.203945,33.41877,40.763992,36.02938,15.422164,11.972615
2024-05-11,19064.775,199.03947,204.00111,208.50247,579.74646,7.7614083,16.438826,19.659636,165.76857,810.29236,2.8604386,2.8983736,136.9658,84.3687,5.6241255,29.222368,854.0139,130.07265,28.78142,1876.641,9058.077,788.2191,52.51117,50.392063,34.367527,34.56234,40.21465,37.245552,15.287919,11.935001
2024-05-12,21786.33,201.33157,210.33934,209.8233,591.77716,7.92518,16.778,20.047338,154.14691,837.44745,2.8740196,2.956553,128.901,86.983315,5.808473,29.698814,851.975,136.00798,30.036564,1793.4504,9045.341,769.19916,53.53326,53.24969,35.364788,36.351383,37.60889,38.288555,15.276926,12.053966
2024-05-13,3364.0608,196.71458,189.17538,212.33783,588.3663,7.3999453,15.822333,20.543507,186.85164,854.74335,2.5097873,2.5740616,129.22227,85.15357,5.757473,29.413172,802.1808,128.76114,29.386168,1912.6906,9072.39,652.34033,53.78638,50.08628,32.92293,31.404408,23.31212,40.113144,14.616055,11.568293
2024-05-14,16094.137,298.95258,293.1462,308.019,952.3028,13.5426035,35.15189,39.85453,238.26451,1190.5643,6.0432205,5.844406,15.938508,135.14844,9.997283,60.11262,899.8464,231.94023,56.648308,1015.54114,8647.513,410.62677,71.955795,94.90887,65.38405,60.751053,92.50926,80.48703,13.636701,10.293653
2024-05-15,19984.328,299.04617,293.36343,232.76482,768.8457,9.675347,20.34537,23.071527,148.3662,917.2104,2.8182871,3.309375,20.172808,135.85162,7.3738427,35.982525,923.72485,125.3728,36.23808,615.2953,9009.093,417.64664,51.115856,62.14884,45.21227,42.28472,27.073265,52.03229,16.301273,13.319792
2024-05-16,21845.057,288.57477,283.25058,269.8037,594.80206,10.699768,26.644098,30.160187,222.08252,816.88544,4.813079,4.3178244,86.25706,115.07546,4.8452544,46.727547,846.76483,207.32465,44.055325,1406.7897,8863.382,406.24158,59.1544,58.68449,34.65544,32.141205,62.59722,63.111572,13.615162,10.41088
2024-05-17,24747.057,299.12546,293.39166,290.46783,731.5381,12.676157,30.794792,34.711227,193.0441,924.5842,5.2074075,4.4055557,11.340394,145.26772,4.778935,49.288773,853.6707,219.7971,49.19896,872.42334,8775.332,277.23087,60.547108,64.907295,34.939816,34.579628,48.965626,72.61018,12.60926,9.372801
2024-05-18,20108.04,299.04178,293.38797,236.12048,687.96704,11.030903,20.2728,23.271296,186.20694,874.1719,3.190625,3.5239582,15.43171,135.87003,7.109838,35.30752,898.6454,134.76575,35.95243,688.5327,8998.354,414.57547,57.006134,65.78357,42.821644,44.877663,49.72361,50.48206,15.568634,12.629861
2024-05-19,9110.718,126.801155,124.764694,161.43195,728.09296,4.1216435,9.881713,11.206828,731.9496,1460.0408,1.8570602,1.6104167,50.901733,45.20787,2.4388888,17.713543,774.4082,77.10324,16.407755,3101.7952,9273.128,240.57027,20.53773,21.757408,12.626041,11.769676,22.687616,23.693056,12.028472,8.951273
2024-05-20,1909.6537,0.00022495678,-1.8227549e-06,100.0,1235.0,1.6488666e-08,-5.948485e-07,-8.288077e-07,974.0,2209.0,9.174945e-08,-1.08541926e-07,3.8033538,1.5716572e-06,0.013888649,1.855276e-07,991.08276,3.233095e-06,-1.6050388e-06,3848.0,9520.0,0.49000785,0.9999985,0.13101964,0.3194451,0.13333367,-2.5373001e-06,0.001852455,12.0,9.0
2024-05-21,13642.168,1.1333727e-05,-1.8227549e-06,100.0,1235.0,1.6488666e-08,-5.948485e-07,-8.288077e-07,974.0,2209.0,9.174945e-08,-1.08541926e-07,4.000009,1.5716572e-06,0.13034944,1.855276e-07,992.39264,3.233095e-06,-1.6050388e-06,3848.0,9520.0,0.49000785,0.9999985,0.14330678,0.14252326,0.15115975,-2.5373001e-06,-1.4879416e-06,12.0,9.0
2024-05-22,20871.906,161.23476,162.27058,188.65855,447.28604,5.7371225,14.100479,20.555563,196.19495,850.4372,1.7659342,2.5530627,212.46211,74.13212,6.658171,22.705418,740.6865,128.33087,20.09111,2034.0751,9132.519,766.6807,40.512085,33.281643,28.691933,20.770737,19.514126,34.923286,15.80134,12.086243
2024-05-23,16746.004,223.93787,220.19972,206.9066,594.51917,6.888903,17.309004,19.255651,207.91539,802.4355,2.9271412,2.6338975,204.60045,87.152176,2.9221032,30.973259,937.79706,123.86733,27.55122,2135.5806,9081.863,550.4116,44.751453,37.64294,21.190414,20.58313,35.7915,41.81553,12.214701,8.569694
2024-05-24,25471.191,299.07812,293.28436,296.67722,746.09143,14.358681,31.628704,35.488194,205.4029,951.49146,5.3104167,4.9425926,14.359605,141.4199,4.460648,55.038425,905.9155,223.90613,49.75012,903.60693,8739.816,297.0695,71.64387,68.62234,39.18449,38.22118,69.76007,78.359604,13.294908,9.976851
2024-05-25,20972.227,298.90314,293.17996,239.5169,571.1603,11.141551,22.38935,25.177778,193.71979,764.88043,3.235301,3.1775463,15.421998,148.2265,3.4251156,34.764584,828.07697,140.92511,36.84514,641.96155,8987.462,236.55098,51.546875,50.170834,25.41331,28.302084,27.405787,53.215626,12.356597,9.389005
2024-05-26,16557.943,183.61574,180.04016,218.71552,425.44815,8.590046,18.986343,21.446758,120.70394,546.1515,3.184838,3.1172454,142.45497,90.833336,2.4744213,33.49618,949.0714,139.45694,31.707754,2059.6438,9038.581,879.26465,38.80405,41.524536,24.235533,22.765047,46.036457,45.791668,11.829861,8.691204
2024-05-27,2561.385,1.1333727e-05,-1.8227549e-06,100.0,0.9999826,1.6488666e-08,-5.948485e-07,-8.288077e-07,-8.420249e-06,0.9999539,9.174945e-08,-1.08541926e-07,354.0,1.5716572e-06,2.8974708e-07,1.855276e-07,1000.0,3.233095e-06,-1.6050388e-06,3849.0,9520.0,1907.03,0.9999985,0.15787129,0.2811341,0.17407463,-2.5373001e-06,0.00023120859,11.0,8.0
2024-05-28,15312.633,74.46795,73.353584,120.282814,64.93114,1.395997,3.2115798,3.5911372,20.862755,85.792984,0.55611145,0.6018585,302.0217,18.803667,0.42530376,5.682392,991.49036,20.431736,6.0071473,3121.0208,9438.747,1701.1206,33.088875,7.6109123,4.2735295,4.0917306,1.9349531,7.9766507,10.972362,7.95878
2024-05-29,22172.676,158.48183,169.29419,177.10754,480.14954,4.4799204,12.469656,14.9387245,366.4807,795.13257,2.1056929,2.614891,163.16386,57.357426,4.3981795,24.261518,930.20044,98.82584,23.052998,2144.7744,9147.246,1000.04645,35.84432,38.83634,22.62306,23.661612,44.41412,29.52122,14.275614,9.900768
2024-05-30,15405.845,202.24713,199.55157,201.76794,603.80963,7.072053,18.101908,18.414078,289.702,815.15875,2.5731673,2.7152286,132.82451,75.18309,5.1722913,28.924871,845.79767,127.77625,28.077995,1933.537,9083.566,851.4518,49.25723,46.23838,30.520735,29.756763,39.815365,36.70658,14.79129,10.780588
2024-05-31,23021.355,208.75787,210.07344,205.82394,617.26776,7.6798706,18.37293,19.302166,203.75607,828.3753,2.8717096,2.8692412,136.30943,82.30946,5.4191847,29.209728,846.4789,135.07462,28.641165,1818.3505,9053.763,838.22327,52.724865,51.727016,34.916786,33.53765,40.630653,37.402687,15.353635,11.681956
2024-06-01,21059.639,198.55978,195.79568,203.09312,579.55536,7.36617,16.793163,18.868467,165.11636,794.1739,2.9469166,2.7943685,148.64146,79.72678,5.1706786,27.784954,865.6571,124.21261,27.811327,1905.6293,9062.6455,857.76855,53.556362,51.76499,35.27898,32.586697,39.468243,35.076836,15.427468,11.963369
2024-06-02,10781.512,195.15364,179.67947,204.15366,559.3329,7.3649573,16.229177,18.968767,162.19872,747.5669,2.9506257,2.6428099,145.14832,76.509575,4.9463596,27.5171,873.1477,115.38071,28.476755,2026.377,9074.056,841.3891,57.306335,50.588863,34.83639,30.684597,38.953796,34.038902,15.262564,11.903241
2024-06-03,1849.5316,195.12535,169.10829,205.69911,554.2011,7.5062675,16.147924,19.159527,170.57054,711.4214,2.9162211,2.5249476,135.39015,73.87089,4.808591,27.643286,862.0702,110.75602,29.70209,2122.1812,9084.075,802.74,61.803074,49.198612,34.37205,29.069263,37.956665,33.741055,15.07634,11.807133
2024-06-04,14590.408,194.88269,184.86876,200.81879,564.84393,7.555045,15.931211,19.289452,164.93117,759.7625,2.925884,2.7025216,125.917435,75.77106,5.0603375,27.623053,855.0642,118.38391,30.425644,1982.5765,9075.942,787.72284,62.14992,52.67768,35.344566,32.103233,36.4102,34.28583,15.267392,12.107324
2024-06-05,21246.527,196.26381,199.95927,199.28117,591.39465,7.2648053,15.715719,20.020348,169.79724,865.2151,2.7438123,2.748721,120.33597,79.1342,5.5899973,27.96225,822.6971,128.25557,30.608511,1807.3733,9073.383,709.7057,60.40472,56.716217,34.96914,34.091827,26.112064,37.26342,15.128972,12.192861
2024-06-06,17052.742,298.9522,293.0495,320.87573,937.08124,13.604985,34.646976,39.209286,226.7535,1163.8444,5.9740524,5.5807443,14.51246,133.72891,8.196996,62.369755,901.139,257.00717,56.431206,1021.986,8591.784,413.54987,73.47252,94.17583,65.81769,61.191875,85.42062,84.03619,11.863093,8.614544
2024-06-07,22527.734,298.83554,293.02756,253.86041,781.18555,11.449769,24.948263,28.246876,194.74757,975.93274,4.0506945,4.1899304,55.988655,121.71493,6.7087965,43.3581,926.4792,168.77534,41.261112,742.2423,8881.934,546.24316,86.06412,70.78009,49.918404,46.51678,54.651157,62.202892,11.602662,8.474074
2024-06-08,20524.37,290.74362,285.16855,258.74683,970.25446,10.5733,25.917494,29.366678,243.82312,1214.0728,4.333392,4.1395183,23.43786,103.95344,6.3441925,44.599506,924.7567,187.30011,42.959988,754.2185,8868.655,686.12354,53.098442,71.52178,49.258144,46.019123,59.945644,61.37146,11.246105,8.089058
2024-06-09,19489.777,233.21562,228.79144,241.00671,656.7673,9.483796,23.260532,25.979746,380.46863,1037.2349,3.5868056,3.0438657,24.9125,104.49629,5.572222,38.6147,879.97894,156.77754,35.391205,1443.9231,8928.976,750.3918,50.320484,61.182755,39.280094,40.322685,90.17477,53.113773,11.851389,8.761111
2024-06-10,1956.9457,1.1333727e-05,-1.8227549e-06,100.0,1.9999826,1.6488666e-08,-5.948485e-07,-8.288077e-07,966.0,968.0,9.174945e-08,-1.08541926e-07,63.0,1.5716572e-06,2.8974708e-07,1.855276e-07,997.00055,3.233095e-06,-1.6050388e-06,3551.0276,9520.0,1907.0112,1.0001168,0.17720036,0.07789084,0.16608666,162.0,0.00046390513,12.0,9.0
2024-06-11,13990.061,205.81296,202.16423,189.37512,445.87836,6.913889,14.665047,16.632523,425.31726,871.1951,2.3366897,2.6033566,106.53356,75.22095,3.9422455,24.528587,936.8156,102.61146,23.80787,2029.5094,9116.649,1071.6592,31.621643,38.7228,26.86088,24.504051,87.468864,35.205322,11.489815,8.414004
2024-06-12,21531.3,298.81735,293.13135,255.05891,763.40106,12.055672,23.87176,27.287037,179.97499,943.37463,3.761574,4.1341434,16.034494,139.7499,7.961111,41.43102,922.53925,158.69038,41.343636,728.78735,8871.113,365.8864,61.7728,70.792244,49.67743,47.150116,33.888195,64.13553,11.642014,8.554861
2024-06-13,17024.707,262.1523,257.5412,204.54398,754.5714,7.9318285,16.879168,19.083101,233.56956,988.13806,2.8064816,2.6216435,155.39201,99.56342,7.72662,28.704166,894.7774,121.46551,26.08206,1396.1622,9062.111,638.18665,49.40914,54.29028,41.44433,39.166897,31.740278,40.00891,15.997569,12.88669
2024-06-14,26156.305,298.9046,293.0133,309.40414,956.7908,14.453363,35.30069,39.76774,199.10162,1155.8965,5.6152577,5.254295,16.431726,134.15317,9.781034,59.63506,895.61383,237.9797,54.355625,1018.60406,8571.395,432.2981,71.55935,90.984375,65.17296,58.356983,72.365524,85.93768,13.041736,9.811706
2024-06-15,18203.99,298.6773,293.02985,215.2419,668.2131,11.0724535,16.734491,19.30405,162.68982,830.9015,1.9922453,2.7381945,59.632637,128.4544,5.9010415,26.086458,842.8001,97.83206,31.788773,523.81824,9059.205,489.97626,40.552547,52.163193,32.224075,34.409607,25.653587,45.73993,11.822685,8.89757
2024-06-16,20221.229,233.21204,228.5831,250.5956,655.7411,11.377778,24.567593,27.881945,147.63008,803.3719,4.1450233,4.070833,56.583794,108.97199,7.2680554,42.425232,918.65393,184.06296,39.50741,1594.7728,8835.34,705.8647,51.11053,65.35,46.79028,42.501503,55.181366,59.885647,11.793982,8.401852
2024-06-17,1870.223,0.0003470271,-1.8227549e-06,100.0,1.9999826,1.6488666e-08,-5.948485e-07,-8.288077e-07,-1.0000085,0.9999539,9.174945e-08,-1.08541926e-07,206.0,1.5716572e-06,0.027777962,1.855276e-07,993.4926,3.233095e-06,-1.6050388e-06,3851.0,9520.0,1907.1506,0.9999985,0.15821843,0.16782233,0.2357621,-2.5373001e-06,0.00034946422,11.0,6.9999995
2024-06-18,13675.041,185.9867,182.47049,188.24503,422.3508,6.6261573,14.406713,16.1728,92.68693,515.0399,2.275,2.1641204,101.62882,81.145256,4.2618055,24.091782,949.9008,105.74167,22.19838,2021.4469,9124.374,1020.26337,58.250347,38.08426,27.441782,25.007406,34.905094,34.902313,11.414121,7.8524303
2024-06-19,23656.646,299.0499,293.07327,280.8868,892.4618,13.304051,28.094908,32.052776,199.19109,1091.6498,4.3891206,4.5760417,19.209833,130.83946,9.127893,48.256367,900.14886,192.8287,48.33044,855.92163,8712.714,469.86044,63.96377,79.85984,58.028706,52.38449,44.60822,74.7147,12.39294,9.221528
2024-06-20,14066.891,206.34628,202.62816,171.33292,532.3343,6.057359,11.021812,12.489939,83.9325,616.26843,1.8999707,1.7638807,199.36273,66.41128,8.900044,18.795021,952.1124,77.17347,17.313381,1827.2712,9217.251,1107.0573,237.04913,48.684635,39.68603,38.96416,18.04524,27.468126,18.200573,15.696974
2024-06-21,24964.363,299.0632,293.0875,288.55615,838.54297,13.571297,30.730556,34.945137,209.98402,1048.5277,5.070602,4.7063656,15.84652,134.28079,9.2504635,53.300697,905.2638,210.39607,49.793056,911.97363,8675.115,427.86478,65.69734,83.97569,59.322224,53.59734,44.53565,77.7706,12.040394,8.841088
2024-06-22,20995.082,298.85394,292.92963,253.61539,698.11066,10.821644,22.671412,26.084839,271.5934,969.7044,3.534375,4.0030093,23.862383,117.841324,7.9724536,41.690742,921.3448,155.625,42.322224,714.5454,8903.157,596.68524,53.818287,69.30509,49.390972,45.71215,40.21192,50.255672,11.889352,8.558218
2024-06-23,18059.068,212.59756,208.39827,226.31018,627.0439,8.844097,20.54537,23.308796,146.00902,773.05334,3.6688657,3.2396991,156.21666,89.420715,6.907523,35.63484,937.39685,139.19016,33.083103,1833.9856,8992.021,930.8471,55.403126,60.169678,43.318867,40.86574,27.852547,38.63773,13.659838,10.372222
2024-06-24,1929.809,0.00069797924,-1.8227549e-06,100.0,1.9999826,1.6488666e-08,-5.948485e-07,-8.288077e-07,-1.0000085,0.9999539,9.174945e-08,-1.08541926e-07,486.5,1.5716572e-06,2.8974708e-07,1.855276e-07,995.9625,3.233095e-06,-1.6050388e-06,3848.0,9520.0,1906.6218,0.9999985,0.14502339,0.15555426,0.023958674,-2.5373001e-06,0.000578346,13.0,9.0
2024-06-25,13836.172,200.40903,196.74341,190.15868,575.22015,6.737037,14.070601,16.051273,92.57061,667.7928,2.4190972,2.2358797,181.81886,84.227776,4.554745,24.859606,945.45105,101.000114,24.03345,2133.5496,9155.36,918.2109,58.21377,39.88044,27.603355,25.310648,33.777313,26.579283,12.027547,8.531944
2024-06-26,21401.152,298.9971,293.14688,244.78912,726.00336,11.346528,22.32986,25.562616,169.17488,895.1808,2.8631945,3.2688658,15.651391,135.63588,7.3473377,35.982525,834.28265,142.1375,39.998264,674.6904,8952.789,402.19336,56.358448,66.93519,39.817825,44.256714,32.800465,47.14884,11.094213,7.9711804
2024-06-27,18410.123,222.19202,218.21494,234.5492,662.1956,10.820718,21.324768,24.22095,134.72084,796.91516,3.738426,3.4847224,108.787384,85.285995,7.015278,38.103127,700.35925,156.49873,37.320488,1670.9147,8966.474,958.9686,117.378815,59.946297,41.59236,39.342823,45.908913,39.84537,11.382754,8.280556
2024-06-28,25896.006,299.03473,293.053,293.61887,870.0273,12.887384,30.818981,35.023148,202.75232,1072.7806,5.1284723,4.8927083,24.340403,131.9405,9.61088,54.661922,909.5541,223.70926,51.52037,923.3645,8713.881,451.4186,73.0287,86.3831,59.378128,55.905903,74.960075,60.550926,11.918982,8.59213
2024-06-29,20350.477,298.9861,293.1933,225.93495,746.80286,10.007986,18.494097,21.369213,179.41042,926.21075,2.8777778,3.1655092,18.22014,128.70358,10.127546,33.872803,920.93365,124.57824,33.792477,631.0574,9024.255,497.33167,62.601273,75.49977,38.52118,57.6713,22.762615,37.66759,13.704977,10.658334
2024-06-30,5681.013,47.62608,46.75734,132.15369,166.01903,2.153257,5.290053,6.0049667,27.962257,193.98152,0.9037889,0.81963956,520.6921,17.151266,1.6229601,9.515255,979.79974,41.15893,8.486023,3396.6282,9384.483,1718.4125,12.821909,14.5996895,10.509153,9.496382,9.716332,9.97687,13.009791,9.925358
2024-07-01,2590.1174,1.1333727e-05,-1.8227549e-06,100.0,2.9999826,1.6488666e-08,-5.948485e-07,-8.288077e-07,-1.9999932,0.9999539,9.174945e-08,-1.08541926e-07,613.0,1.5716572e-06,2.8974708e-07,1.855276e-07,995.0,3.233095e-06,-1.6050388e-06,3848.0,9520.0,1906.7,0.9999985,3.8809986e-08,-1.4634428e-06,4.677688e-07,-2.5373001e-06,0.01999897,13.0,10.0
2024-07-02,16424.295,209.83553,205.85452,208.04688,547.9647,7.584838,17.302893,19.558681,135.45984,683.42334,2.980324,2.6862268,207.14873,98.08935,5.3221064,30.174305,947.73706,126.49271,28.01713,1956.327,9074.264,820.98944,46.791435,47.259377,32.91331,31.430325,42.085186,31.794445,12.608334,9.518171
2024-07-03,23007.611,298.89676,293.02963,263.58902,825.722,12.471528,23.556713,27.257408,172.93484,998.6583,3.9188657,4.305787,16.134714,132.43901,8.750579,43.179745,923.2574,161.46492,45.745487,887.1415,8899.258,448.25168,67.534836,75.34746,54.38241,50.348495,25.422106,51.706596,13.122801,9.917245
2024-07-04,18599.816,218.9448,214.78438,230.44179,777.6787,8.737732,21.319792,24.208912,144.14941,921.82196,3.8100693,3.3364584,73.68611,88.37211,6.5208335,36.938427,928.3515,156.089,35.094677,1695.3893,8979.87,833.9457,50.75949,58.65764,40.509605,37.94456,63.040394,39.039467,11.547107,8.043403
2024-07-05,23923.205,299.11517,293.2023,272.8294,857.1176,11.918866,26.636457,30.254168,206.33797,1063.4536,4.7076387,4.189815,14.047448,137.6956,8.722338,47.288773,924.5726,219.04861,43.667248,779.3843,8849.344,396.67438,58.36366,75.91077,54.32176,51.19595,48.863773,52.257294,14.01794,10.8503475
2024-07-06,22714.85,299.1358,293.13312,280.22946,808.72064,12.432994,26.179817,30.196367,235.20245,1043.9204,4.6419754,4.726606,16.944086,131.87895,8.756128,48.713905,907.9172,206.22212,46.71319,850.4927,8837.287,456.83594,66.50903,76.613976,55.25908,50.64171,64.07801,51.8769,12.619967,9.452048
2024-07-07,9213.817,104.15069,102.17755,161.83633,262.35147,4.1105323,9.99375,11.395718,55.643394,317.99432,1.7797453,1.5612268,254.8095,45.847683,3.1280093,17.95787,971.918,70.688194,16.206945,3107.5432,9265.745,1399.3209,21.840624,27.01146,18.927315,17.548727,33.903587,18.327662,11.368055,8.285069
2024-07-08,1865.3998,1.1333727e-05,-1.8227549e-06,100.0,2.9999826,1.6488666e-08,-5.948485e-07,-8.288077e-07,0.5415413,3.541519,9.174945e-08,-1.08541926e-07,548.0,1.5716572e-06,0.0031250035,1.855276e-07,998.68335,3.233095e-06,-1.6050388e-06,3856.0,9520.0,1906.87,0.9999985,0.12777714,0.056478944,0.14108704,-2.5373001e-06,0.00393528,11.0,8.0
2024-07-09,11028.939,136.78496,134.30914,162.59248,305.45197,4.571759,10.008218,11.378819,75.66007,381.11203,1.6387732,1.5148149,202.84074,59.019444,2.8327546,17.15081,968.4255,70.63703,16.288427,2533.4404,9264.576,1260.4895,29.595022,26.612154,18.543056,17.12801,12.619445,17.99375,11.423959,8.308797
2024-07-10,21985.15,298.95,293.1626,258.16434,893.9611,11.090162,22.603935,26.076273,172.97766,1066.9358,3.7010417,3.9719908,14.425813,135.90382,7.854051,42.503124,927.61237,181.26411,42.61169,714.6123,8923.929,388.4434,58.740276,70.060646,50.63148,46.9206,25.79618,50.51852,12.804051,9.653009
2024-07-11,17233.732,270.98572,266.13394,214.62628,580.80756,7.251973,18.064531,20.520079,202.54619,783.3547,3.198584,2.8932219,252.85991,78.29887,5.712976,32.57103,917.4031,130.09935,30.534819,1348.3162,9048.139,513.4649,55.55513,52.153202,35.590645,34.811165,42.811745,34.279713,11.697308,8.511723
2024-07-12,27482.873,299.04492,293.0301,318.6485,940.22314,13.657755,35.126156,39.81204,230.42372,1170.6482,6.1921296,5.337963,17.112848,130.26747,10.531829,62.517014,903.9078,261.12012,57.188194,1032.7704,8615.807,468.0839,72.79502,95.34271,66.27373,61.841434,70.20637,68.06516,12.782176,9.44294
2024-07-13,20927.285,298.8721,293.03946,254.47824,739.75775,11.905903,20.885532,24.433565,170.23056,909.9894,2.6381946,3.6381946,19.755442,125.40648,8.206597,38.59838,869.6954,142.16435,43.34838,700.66797,8947.021,512.68884,54.775463,70.5051,47.221874,47.17014,34.768635,47.619328,12.162037,9.110301
2024-07-14,18991.611,233.2655,228.80927,235.71887,706.1675,9.037269,21.564583,24.520834,386.55994,1092.7292,3.30625,3.01169,146.29478,110.360535,6.5753474,35.35081,860.2829,160.87071,35.81655,1486.66,8973.649,688.5145,50.763542,60.355442,36.888657,39.603123,57.243053,40.511574,11.9128475,8.895023
2024-07-15,1994.7523,1.1333727e-05,-1.8227549e-06,100.0,1.9999826,1.6488666e-08,-5.948485e-07,-8.288077e-07,967.00006,969.0,9.174945e-08,-1.08541926e-07,623.0,1.5716572e-06,2.8974708e-07,1.855276e-07,1000.0,3.233095e-06,-1.6050388e-06,3848.0,9520.0,1906.7126,1.0002351,0.20150761,0.1535897,0.17870377,-2.5373001e-06,-1.4879416e-06,12.0,9.0
2024-07-16,17447.523,209.14606,205.12894,229.2221,690.40753,7.7298613,20.885069,23.539814,465.1928,1155.5995,3.7023149,3.1429398,200.63461,92.93692,6.1221066,37.200462,941.8019,150.37535,33.323727,2011.8984,8978.267,880.0595,48.598843,56.104282,38.98854,36.457638,28.203936,40.95741,12.553241,9.326736
2024-07-17,7643.9863,95.52581,93.81517,144.37952,200.49898,3.8719907,6.6923614,7.7232637,700.7464,901.2442,1.1186343,1.1321759,48.43345,40.78993,2.338889,12.325,979.9464,52.169445,12.209606,2934.4426,9338.884,1457.5614,17.111227,20.519213,14.287153,13.545139,6.5579867,14.455093,12.370602,9.323611
2024-07-18,2082.6868,31.358913,31.233213,100.671295,542.3932,0.1792822,-5.948485e-07,0.012383586,486.82916,1029.2222,0.027893635,0.061805617,37.094444,3.7192094,0.12372666,1.855276e-07,788.0316,1.9427065,0.2709487,3810.398,9520.0,682.2417,0.9999985,0.15787129,0.20439765,0.1807885,-2.5373001e-06,0.003588142,12.0,9.0
2024-07-19,18023.514,245.55574,240.99086,218.2025,908.2508,8.632743,17.564316,20.208637,213.7359,1121.9856,3.2205627,3.5669792,17.05836,103.06438,6.1043186,32.163715,948.9772,134.34549,31.599281,1343.7195,9030.787,389.02414,64.70117,52.239204,36.645943,34.646523,22.09795,38.85817,14.548339,11.695033
2024-07-20,10664.051,157.71887,155.02858,156.22165,930.7948,3.9086804,7.96794,9.110764,65.57049,996.36597,1.2351853,1.3627315,44.506943,64.48345,3.0636573,15.104514,975.8286,58.563198,14.859491,465.03564,9309.076,1194.2023,28.77743,25.94838,18.777546,17.384375,11.248843,16.852198,23.629398,21.285995
2024-07-21,8718.886,82.8802,81.29791,155.60023,264.82672,3.7987268,7.9598384,9.266436,57.384727,322.2127,1.3857639,1.430787,377.6676,36.799538,3.084375,15.186921,976.73047,58.721992,14.829861,3040.9702,9301.16,1503.1692,26.350576,26.506481,19.580904,18.205671,13.645253,16.523958,12.318634,8.529051
2024-07-22,2511.7444,1.1333727e-05,-1.8227549e-06,100.0,2.9999826,1.6488666e-08,-5.948485e-07,-8.288077e-07,-1.9999932,0.9999539,9.174945e-08,-1.08541926e-07,516.0,1.5716572e-06,2.8974708e-07,1.855276e-07,1000.0,3.233095e-06,-1.6050388e-06,3848.0,9520.0,1906.5865,0.9999985,0.10393528,0.26238486,0.19467591,-2.5373001e-06,0.001852455,12.0,8.0
2024-07-23,14950.972,181.04109,177.66632,196.14688,476.93472,7.2916665,16.217245,18.31794,86.854164,563.7889,2.7246528,2.7770834,214.47708,82.37361,4.5746527,27.511227,951.4002,110.6272,25.67639,1919.5724,9079.072,997.03217,39.69595,43.138195,30.398842,27.935879,18.181019,31.407408,12.582523,9.006134
2024-07-24,22239.809,298.75186,292.9669,260.20267,837.74835,12.816319,24.372454,27.813658,190.80846,1028.5593,3.7784722,4.0825233,14.912148,136.85417,8.257986,41.874306,857.4149,155.59213,43.347454,776.4624,8819.692,386.48218,58.287037,72.02037,49.492016,47.86227,33.844444,51.556828,14.466666,11.3693285
2024-07-25,17841.977,200.7098,197.2134,194.71031,631.28424,7.288451,14.916506,16.973106,82.44718,713.73035,2.4401476,2.24855,130.17595,80.86799,6.357708,26.461416,583.01843,112.18914,25.177887,2328.406,9097.313,504.82574,110.34294,40.64862,29.425909,26.354017,28.524872,28.830902,15.897346,12.834945
2024-07-26,21206.793,205.27719,191.10506,211.21494,605.72906,7.040663,17.000359,18.82965,313.47333,926.78516,2.9456844,2.9112477,210.95123,72.35483,5.015702,30.655737,968.19806,124.464195,29.437366,1934.1691,9025.288,858.0529,55.20698,59.05805,33.868538,36.706173,56.226585,36.68463,15.104271,11.780154
2024-07-27,20571.178,220.62964,211.71265,217.18123,639.1113,7.7231565,19.298895,19.02038,305.98535,933.0205,3.1109846,2.9738119,178.75156,80.81358,5.260992,32.425354,900.5007,139.22575,32.430847,1796.8046,9034.755,754.5707,58.333164,60.422848,36.757343,39.11352,48.10767,37.983685,14.601074,11.151198
2024-07-28,15413.629,232.28065,226.11136,225.87268,665.6273,8.387326,21.303583,20.796402,293.2169,956.87445,3.2187245,3.091018,135.69925,89.66888,5.7729797,35.37938,886.655,154.93549,36.05801,1650.1075,9021.2,655.9247,62.423775,62.263382,38.743008,41.741287,46.534336,40.919853,14.405432,10.926373
2024-07-29,1858.3197,229.2855,212.5739,229.31433,649.7079,8.122421,20.650175,21.825907,315.17325,970.2682,3.0080132,2.9462633,122.56819,92.01403,5.9732666,36.203175,851.4228,153.15256,36.487072,1698.9055,9036.85,530.7801,64.36142,59.892174,36.762905,38.374763,34.923546,43.53882,14.00353,10.596697
2024-07-30,14433.702,298.8347,293.0517,293.27994,897.16974,12.594558,30.77381,34.602722,168.06836,1065.2365,5.085034,4.452721,47.431633,120.88197,10.3486395,52.851704,892.9888,240.09761,46.035717,1029.3105,8704.449,550.5304,72.170746,79.76735,57.329254,52.287754,21.584694,63.54864,14.492177,11.394558
2024-07-31,21918.98,298.8875,293.12418,265.29364,908.09143,12.375811,25.114584,28.906944,222.9044,1130.9989,3.5944445,3.9150462,14.050462,138.08449,8.24132,42.302547,874.14746,165.1611,45.009953,779.3639,8822.238,382.76218,59.2206,74.641205,50.306366,48.827316,37.48912,53.540855,14.673264,11.579514
2024-08-01,18660.611,269.76688,264.59897,249.4858,819.5013,10.077136,24.009174,27.263641,193.1395,1012.6423,3.9602954,4.223612,61.016563,110.696815,7.3886,42.114162,899.9432,173.20169,39.781746,1520.6567,8850.259,406.00336,60.78394,66.50983,46.934395,42.717766,65.83282,47.064224,17.695925,15.318123
2024-08-02,23545.508,299.01434,293.22235,267.5209,889.988,12.7578125,26.127083,29.96522,174.92517,1064.9099,4.4225116,4.349248,17.37089,131.70671,10.4744215,46.020718,917.1981,187.26476,42.892128,952.66626,8766.19,466.67337,74.86684,83.761,61.76748,57.90463,37.6342,56.634605,16.306135,13.224653
2024-08-03,22075.896,297.41956,291.6365,275.65417,964.48553,12.253762,25.8897,29.78721,219.46053,1183.9473,3.964352,4.5733795,17.492357,120.46146,9.13507,46.949192,914.7637,185.4625,46.594444,830.49976,8758.42,480.3612,62.648785,78.33038,57.2364,51.800346,57.13964,56.08426,17.395487,14.190682
2024-08-04,19861.994,298.86996,293.1133,223.83704,1014.2743,9.478993,18.709259,21.577662,241.19028,1255.4652,3.1564236,3.0871527,17.978815,129.73212,12.670197,33.175983,941.5022,133.07182,30.63345,708.2268,8992.866,529.20294,55.698555,87.38044,70.49045,69.99514,29.2783,38.369907,18.408102,15.278125
2024-08-05,5628.2925,47.429287,46.535767,129.82176,137.79173,2.1636577,4.792477,5.489236,878.7046,1016.49664,0.8557292,0.87690973,313.96487,20.693693,1.8062501,8.375057,984.9302,36.613018,8.235476,3499.443,9379.964,1679.66,16.740393,14.543114,10.341202,9.619444,4.8155684,9.666203,16.181656,13.1567135
2024-08-06,13965.822,209.84648,205.92093,193.21378,610.3893,6.413314,14.98605,16.97314,461.34738,1071.7366,2.717858,2.338408,185.70564,68.03271,4.370825,25.528625,885.805,109.52793,24.28191,1976.9332,9110.364,824.28455,33.630333,39.449783,27.876873,25.418003,19.824776,28.375166,16.944254,13.861361
2024-08-07,20102.748,298.7547,293.01538,239.22366,821.21533,10.924074,19.599363,22.601793,203.85278,1025.0679,2.8375578,3.3375,23.62581,126.094444,7.198264,36.293694,933.15063,132.8812,37.756886,654.8535,8942.882,514.624,49.593056,61.941666,45.850925,41.37124,25.538311,46.549942,17.173843,14.2
2024-08-08,23400.383,298.88882,293.02112,264.83838,940.8162,12.002778,25.6853,29.163021,200.17842,1140.9906,4.4321756,4.125116,21.099138,125.42894,11.122165,44.515972,922.1319,190.55717,41.687096,867.7373,8798.092,551.46625,78.97575,85.88889,65.269325,61.487095,60.56811,54.236862,18.367651,15.269097
2024-08-09,21993.691,262.32877,257.13367,267.0231,945.5412,10.665104,26.795486,30.244734,210.99664,1156.5394,4.6311345,4.2211227,49.656364,118.13848,8.203472,45.939583,902.81366,194.00827,42.6647,791.9667,8777.609,595.19244,59.520775,72.823555,51.85411,47.112095,54.14624,60.23837,18.988253,15.886285
2024-08-10,27049.355,299.11307,293.0733,320.7411,917.5803,14.394965,35.42818,40.016376,208.83762,1126.4187,6.091146,5.398148,39.681305,130.25151,10.855903,61.666145,885.6644,255.91151,56.391262,1053.2322,8535.2,469.90295,74.7809,95.177895,67.60237,61.545315,68.97535,84.624306,17.938831,14.780903
2024-08-11,3916.59,41.759487,41.156204,121.059204,83.06993,1.3706598,3.380035,3.8053238,247.7776,330.84702,0.5393518,0.46452534,323.28848,9.913019,1.9148726,5.9597797,989.9194,26.029171,5.275578,3648.8833,9427.373,1474.2037,8.044443,9.021992,6.580498,5.9451966,4.3792243,7.752316,20.744965,17.73478
2024-08-12,392.5892,1.1333727e-05,-1.8227549e-06,100.0,2.9999826,1.6488666e-08,-5.948485e-07,-8.288077e-07,-1.0000085,2.000015,9.174945e-08,-1.08541926e-07,470.0,1.5716572e-06,2.8974708e-07,1.855276e-07,1000.0,3.233095e-06,-1.6050388e-06,3848.0,9520.0,1906.8102,0.9999985,0.27696612,0.120138615,0.21024369,-2.5373001e-06,0.0017952345,21.0,18.0
2024-08-13,259.8431,1.2817649,1.3675977,100.0,2.9999826,1.6488666e-08,-5.948485e-07,-8.288077e-07,-1.0000085,2.000015,9.174945e-08,-1.08541926e-07,160.53102,0.17633213,0.0019100226,1.855276e-07,411.14584,3.233095e-06,-1.6050388e-06,3848.0,9520.0,658.9367,0.9999985,0.12580876,0.17737052,0.09490823,-2.5373001e-06,-1.4879416e-06,21.0,18.0
2024-08-14,347.65366,19.361294,19.377623,100.0,2.9999826,1.6488666e-08,-5.948485e-07,-8.288077e-07,-1.0000085,2.000015,9.174945e-08,-1.08541926e-07,-2.9955812,1.5716572e-06,0.26460057,1.855276e-07,99.99999,3.233095e-06,-1.6050388e-06,3848.0,9520.0,0.2500176,1.0003915,0.21485524,0.11432883,0.17670487,-2.5373001e-06,0.0010399244,21.0,18.0
2024-08-15,305.3265,10.012142,10.205549,100.208336,133.3633,0.012731569,-5.948485e-07,0.0005770978,-1.0000085,132.3633,9.174945e-08,-1.08541926e-07,169.52315,1.873262,0.47025424,1.855276e-07,194.58226,3.233095e-06,-1.6050388e-06,3848.0,9520.0,978.9535,0.9999985,0.25578693,0.11898276,0.21736,-2.5373001e-06,-1.4879416e-06,21.0,18.0
2024-08-16,170.26303,1.1333727e-05,-1.8227549e-06,100.0,487.0,1.6488666e-08,-5.948485e-07,-8.288077e-07,-1.0000085,486.0,9.174945e-08,-1.08541926e-07,487.0,1.5716572e-06,0.011689953,1.855276e-07,344.70465,3.233095e-06,-1.6050388e-06,3848.0,9520.0,1906.29,0.9999985,0.1700211,0.1942124,0.11296319,-2.5373001e-06,-1.4879416e-06,21.0,18.0
2024-08-17,189.91635,1.1333727e-05,-1.8227549e-06,100.0,487.0,1.6488666e-08,-5.948485e-07,-8.288077e-07,-1.0000085,486.0,9.174945e-08,-1.08541926e-07,487.0,1.5716572e-06,0.0040510213,1.855276e-07,343.14258,3.233095e-06,-1.6050388e-06,3848.0,9520.0,1906.29,0.9999985,0.2526627,0.21527717,0.11226892,-2.5373001e-06,0.00023120859,21.0,18.0
2024-08-18,252.78745,6.24757,6.225111,100.0,487.0,1.6488666e-08,-5.948485e-07,-8.288077e-07,-1.0000085,486.0,9.174945e-08,-1.08541926e-07,192.05429,0.088311814,0.04930573,1.855276e-07,195.74675,3.233095e-06,-1.6050388e-06,3848.0,9520.0,723.3981,0.9999985,0.19779973,0.11110923,0.14282273,-2.5373001e-06,-1.4879416e-06,21.0,18.0
2024-08-19,176.83823,1.1333727e-05,-1.8227549e-06,100.0,487.0,1.6488666e-08,-5.948485e-07,-8.288077e-07,-1.0000085,486.0,9.174945e-08,-1.08541926e-07,-3.0000062,1.5716572e-06,0.12638883,1.855276e-07,99.99999,3.233095e-06,-1.6050388e-06,3847.5762,9520.0,0.2500176,0.9999985,0.135994,0.066668004,0.17511605,-2.5373001e-06,-1.4879416e-06,21.0,18.0
2024-08-20,768.7591,8.087154,8.28079,100.27778,213.23195,0.07025482,-5.948485e-07,0.0091430005,-1.0000085,212.23195,9.174945e-08,-1.08541926e-07,108.05139,0.27442327,0.5311344,1.855276e-07,147.60985,3.233095e-06,-1.6050388e-06,3847.0164,9520.0,239.33797,0.9999985,0.26388934,0.11574027,0.19571923,-2.5373001e-06,0.001852455,21.0,18.0
2024-08-21,276.5726,0.8366965,0.9032422,100.19676,4.1017284,0.022800462,-5.948485e-07,0.0023146924,-1.0000085,3.1017606,9.174945e-08,-1.08541926e-07,29.274889,0.09004369,0.23275451,1.855276e-07,159.3892,3.233095e-06,-1.6050388e-06,3847.0,9520.0,820.11945,0.9999985,0.34386447,0.19687507,0.11365747,-2.5373001e-06,0.0040497207,21.0,18.0
2024-08-22,407.16245,1.1333727e-05,-1.8227549e-06,100.0,4.000044,1.6488666e-08,-5.948485e-07,-8.288077e-07,-1.0000085,2.999954,9.174945e-08,-1.08541926e-07,68.0,1.5716572e-06,0.4787596,1.855276e-07,99.99999,3.233095e-06,-1.6050388e-06,3847.0,9520.0,1906.62,0.9999985,0.17266087,0.20726249,0.10054826,-2.5373001e-06,0.00034183482,21.0,18.0
2024-08-23,986.3226,298.38504,243.25499,265.31033,664.6197,12.962086,29.760715,28.27657,155.51157,785.5087,3.3783891,3.3588498,119.7249,104.10146,7.9929934,44.944267,944.1278,223.55455,41.970097,1587.4548,8823.798,891.8383,90.012184,70.01237,46.314365,43.16298,73.5723,56.334324,15.726089,12.620727
2024-08-24,2772.9875,244.6701,183.10371,234.91013,570.02814,9.408008,22.671253,21.170614,172.20068,680.6197,2.983332,2.968203,200.8286,82.41822,6.2770433,37.015865,864.2082,176.55489,31.74485,1982.1992,8976.577,944.1988,69.69811,52.831417,38.69612,29.975164,51.897964,44.50913,15.340289,11.863407
2024-08-25,2540.553,205.70656,156.32962,214.27661,510.18396,6.999046,17.40448,18.968191,209.7817,712.667,2.5580928,2.7127478,259.95456,74.56761,5.5583563,35.328365,871.7986,148.33786,24.331137,2025.2424,9048.109,944.17786,59.034065,47.586105,35.30933,24.380255,35.117928,40.72267,15.102953,11.4732275
2024-08-26,1719.8109,191.83983,147.67053,199.27097,496.02664,5.401204,14.370898,17.86818,333.4274,865.63116,2.175745,2.576008,285.38132,76.64803,5.6765127,35.81889,836.5865,135.1078,19.905874,1967.5743,9087.261,804.6073,45.365517,43.919827,32.87599,21.142967,22.82221,42.21473,14.279215,10.375063
2024-08-27,12896.638,274.43735,269.6724,229.43665,687.11444,8.533776,21.11043,23.450823,140.35106,827.465,3.7353866,3.1958349,221.75954,111.37119,6.216486,33.90882,740.38885,145.64124,32.254288,625.9159,8968.074,503.16827,51.101505,54.158382,38.74361,35.351242,35.447147,50.19041,14.91022,12.735561
2024-08-28,20898.871,275.353,270.01422,255.725,906.72595,11.230093,23.390856,26.630093,189.95938,1096.6875,3.4383101,4.1936345,16.982409,120.140854,8.156018,41.989006,921.5505,148.86748,42.424538,952.54724,8851.946,412.85657,60.07442,71.61817,52.61111,47.799305,25.821875,71.379745,16.589468,13.428125
2024-08-29,21983.322,298.92395,293.10403,242.57639,907.79663,11.321065,22.305208,25.303356,198.27246,1106.0696,3.8850694,3.8520834,17.296183,134.21597,11.756828,39.258564,930.4956,163.29143,35.902313,714.428,8890.397,462.69177,60.00891,85.50544,65.702896,64.31424,55.351738,51.856365,17.680902,14.801389
2024-08-30,19753.078,226.53847,222.24629,224.17175,970.55817,9.0960045,19.72194,22.261683,340.0716,1310.6318,3.215869,3.1861498,14.020333,99.49696,6.175773,34.732105,937.122,145.98941,32.862133,1469.6781,8962.694,324.93903,46.56713,55.509953,39.558804,36.51066,32.524426,47.798107,15.520613,12.482211
2024-08-31,22176.38,298.88705,293.05313,260.85846,822.4494,12.111574,24.411226,27.917824,210.3493,1032.7974,3.7743056,4.203588,20.400232,128.49074,8.801852,43.30243,866.70935,178.46077,44.232407,780.43225,8813.356,479.11002,68.16609,75.75521,54.676155,51.001156,42.05544,59.55405,12.843287,9.686111
2024-09-01,13630.252,163.91725,160.9265,188.28021,423.12222,6.8555555,14.132175,15.934259,95.7125,518.8307,2.155324,1.9849538,38.571877,74.48946,4.2989583,22.98067,906.3325,104.597916,22.82442,2149.158,9133.112,1083.7786,29.813541,38.81308,23.953241,25.08507,15.835879,32.538887,14.27419,11.193866
2024-09-02,1714.3353,1.1333727e-05,-1.8227549e-06,100.0,1.9999826,1.6488666e-08,-5.948485e-07,-8.288077e-07,-1.0000085,0.9999539,9.174945e-08,-1.08541926e-07,65.99999,1.5716572e-06,0.27638894,1.855276e-07,1000.0,3.233095e-06,-1.6050388e-06,3851.0,9520.0,1906.46,0.9999985,0.38657382,0.103125066,0.08379602,-2.5373001e-06,0.001852455,17.0,14.0
2024-09-03,15106.584,200.55614,196.91794,205.65764,581.37164,7.0336804,16.654514,18.74375,148.15822,729.53204,2.8152778,2.6898148,128.3419,70.3478,5.322338,28.920717,949.28064,125.910995,27.675463,1852.002,9039.624,1143.9415,88.37234,46.86227,33.508217,30.97743,41.765163,38.62986,14.069675,10.858564
2024-09-04,18379.344,288.5741,283.34726,199.22447,753.01794,7.167915,15.920773,17.992313,148.98206,901.9996,2.554789,2.3874655,27.084543,96.027,4.8831296,27.161016,951.7282,120.516556,26.548876,1462.4235,9059.677,818.27313,218.94699,44.91486,32.95684,30.057549,25.693733,37.872093,11.9527,8.853961
2024-09-05,25520.47,117.3805,122.63601,153.30415,332.98782,3.7393937,3.4145331,14.335814,1.8611366,523.5632,1.802505,2.6593628,240.1759,61.320354,5.7959766,17.134058,743.26807,90.75427,8.93651,2092.2656,9258.938,942.7408,21.60473,34.50997,26.092173,16.400932,0.6441396,28.265137,18.60318,14.454475
2024-09-06,24010.021,125.82773,127.72949,149.7247,311.19156,3.3425975,3.5950036,13.96552,66.97257,510.81238,1.7024859,2.7063203,217.45157,64.76887,5.5079794,18.155281,701.4305,95.68781,9.98196,1993.5,9236.922,887.5023,19.000021,32.27461,25.914898,14.21302,-1.6477648,32.94648,17.378283,12.625625
2024-09-07,19837.564,298.79074,293.0284,217.84244,894.882,10.653089,15.660698,18.363249,152.03984,1046.916,1.7605193,2.8357208,19.232988,128.8449,12.447628,29.106312,944.844,94.325645,32.722248,1057.4924,9039.932,523.117,52.974262,82.656,69.37265,66.44942,23.226723,42.898838,17.987019,15.226275
2024-09-08,25223.375,299.01077,293.03494,287.83832,849.4362,13.399537,30.145948,34.046642,214.51492,1063.949,4.787153,4.2480326,15.560189,136.64908,8.735301,49.1875,851.5421,214.4728,47.790394,887.4889,8698.613,405.68082,64.34109,81.39676,52.47118,52.540047,59.66597,70.85081,16.3978,13.329398
2024-09-09,8923.982,83.37488,81.724655,161.63623,274.3435,4.0204864,9.7,10.954862,54.42431,328.76678,1.5561343,1.4949074,373.6338,36.013077,3.300463,17.42037,968.52905,72.30312,15.465856,2892.5632,9245.469,1516.5375,28.159607,28.594675,21.474884,19.614815,20.996876,22.114584,11.523958,8.494676
2024-09-10,13656.501,203.86134,200.01111,177.34375,386.31815,6.7814813,10.863426,12.572685,73.12257,459.43945,1.7835648,2.204051,239.0448,86.86192,4.289468,20.120834,961.8926,80.05254,21.21632,1783.5387,9188.807,948.22925,38.770138,36.7044,25.716667,24.558102,10.093402,27.75567,14.980903,12.254977
2024-09-11,20682.771,299.25287,293.2498,325.2887,903.48584,14.087091,35.818745,40.367374,216.90141,1120.3877,6.098143,5.2387266,95.438995,124.156944,10.909814,61.59726,887.24445,250.00664,55.435898,1041.8563,8535.394,453.84995,73.10743,96.1481,67.54156,63.47259,117.23962,79.28515,17.511936,14.309903
2024-09-12,23812.502,299.0087,292.98126,305.70425,977.7803,13.581749,30.604834,34.978542,202.585,1180.3639,5.1148834,5.108908,15.387826,137.82564,9.918251,55.554047,899.20996,242.5296,53.974743,974.2665,8619.52,388.01132,68.679794,89.59044,64.76833,58.649376,51.547802,75.250404,17.401413,14.408745
2024-09-13,23654.336,274.83252,269.46655,282.17175,878.03076,12.351968,28.874537,32.724655,202.66887,1080.701,5.040278,4.59375,29.331835,119.77396,8.79919,50.71574,911.4514,219.44908,46.517246,868.8423,8707.616,587.85626,133.00603,79.57223,56.826042,52.157986,68.08044,61.362038,17.257523,14.129398
2024-09-14,8687.795,122.20266,120.32118,157.48206,618.00555,4.1997685,8.7728,10.036111,622.9061,1240.9115,1.6314815,1.5538194,379.36227,41.860184,2.9832177,16.035648,949.8613,73.69919,16.59294,3010.5784,9252.897,757.18585,19.649536,25.28368,17.708101,16.45,16.952316,15.3978,16.365973,13.3625
2024-09-15,1827.099,5.794674,6.0021954,100.30093,799.0059,0.13206007,-5.948485e-07,0.0046302136,-0.013420896,798.9921,0.0003472292,0.0012730467,196.70451,0.46157995,0.08460646,1.855276e-07,978.9001,3.233095e-06,-1.6050388e-06,3641.0,9520.0,845.00867,0.9999985,0.16030125,0.19907233,0.078007214,-2.5373001e-06,0.00023120859,16.0,13.0
2024-09-16,1854.682,13.297924,13.228697,100.19676,292.22498,0.37708285,-5.948485e-07,0.0047446545,65.64561,357.87057,0.0072918856,0.021759402,257.23068,5.9059005,0.37442142,1.855276e-07,680.0669,3.233095e-06,-1.6050388e-06,3641.0,9520.0,9.107256,0.9999985,0.23692326,0.15324256,0.21099518,-2.5373001e-06,0.0025467298,16.0,13.0
2024-09-17,15089.464,208.29456,204.43993,206.78577,618.68945,7.1006947,16.364584,18.510532,196.15105,814.8404,2.9461806,2.7412038,132.2448,89.633446,5.945486,29.617014,834.94257,128.17558,27.190624,1765.8751,9049.873,303.31296,58.63993,45.304977,32.555904,29.825462,40.500114,28.828472,16.761457,13.654745
2024-09-18,22741.963,299.01065,293.11966,277.90533,872.2508,13.053588,26.034954,29.962963,189.2765,1061.5214,3.728125,4.2810187,15.43496,136.80798,9.400347,44.837963,851.9003,190.9588,46.86308,822.07996,8776.28,385.6309,62.337036,79.65625,53.65197,52.686344,31.354052,51.144215,16.592361,13.598611
2024-09-19,15602.475,170.48186,167.9529,151.19264,874.20245,4.1399627,7.5335135,8.757724,65.92841,940.1322,1.5142665,1.4685125,58.70555,47.483032,7.7182174,13.674827,530.0569,60.35185,14.3401985,2546.9038,9287.184,557.0214,22.167145,50.288536,43.520344,44.35354,11.28955,13.0709095,19.425123,16.535877
2024-09-20,23725.46,207.53136,189.61526,209.68568,563.9207,7.3229365,17.049587,19.941433,165.79948,928.89636,2.6134179,2.8316848,180.72589,76.496895,6.690896,28.497503,839.27783,143.37282,28.87979,1957.1058,9053.523,785.1249,52.418457,60.64323,32.9915,36.449326,40.46551,38.649986,15.703108,13.04909
2024-09-21,20200.842,299.1372,293.10263,328.75592,998.8642,14.385538,37.38201,42.150265,239.98096,1238.8458,6.2081127,5.55097,16.408823,134.79189,10.8465605,64.8776,885.97565,259.467,58.940037,1102.6271,8488.069,428.99817,76.977425,98.67337,70.68324,62.938976,89.71323,61.944267,17.721693,14.590476
2024-09-22,19410.436,234.63495,230.05914,241.83565,787.864,9.74838,21.746527,24.848843,161.70555,949.57117,3.620602,3.720139,101.99456,93.86296,10.3684025,39.09734,930.7124,169.66365,36.48067,1853.9916,8896.204,899.0694,60.23148,79.974304,62.722916,60.138657,30.540741,42.478127,17.099768,14.124885
2024-09-23,1852.4486,1.1333727e-05,-1.8227549e-06,100.0,1.9999826,1.6488666e-08,0.00046289086,-8.288077e-07,-1.0000085,0.9999539,9.174945e-08,-1.08541926e-07,391.0,1.5716572e-06,0.5777777,1.855276e-07,999.99493,3.233095e-06,-1.6050388e-06,3848.0,9520.0,1905.6146,0.9999985,0.19421391,0.23657462,0.073610775,-2.5373001e-06,0.00393528,16.0,13.0
2024-09-24,16059.258,208.3963,204.53484,222.15012,674.2558,7.711574,19.813774,22.45243,167.79375,842.0527,3.3331017,3.0275462,151.51678,82.26945,6.296065,33.443634,940.89825,145.83194,31.13912,2078.811,8973.017,1010.19855,81.06273,52.537617,37.85324,33.63044,33.37546,39.258564,16.665972,13.497569
2024-09-25,23019.969,298.93716,293.04373,281.16135,912.06934,12.725116,27.229397,31.143055,196.79306,1108.8645,4.0821757,4.509838,17.040628,135.33704,9.623959,46.209377,850.32074,181.29642,48.906597,849.9126,8745.522,404.7078,68.552666,82.532295,54.559723,54.045948,53.024883,55.472225,15.965162,12.891783
2024-09-26,15729.067,261.5913,257.1669,202.17627,638.3488,7.0206017,16.087385,18.237616,192.89525,831.2442,2.709838,2.4427083,244.99202,82.912155,5.945602,26.211689,851.0674,118.729164,26.550463,2008.8513,9067.33,330.90195,42.48854,45.39722,29.171644,30.12963,43.995487,31.018171,17.7669,15.050926
2024-09-27,19390.695,297.64835,292.4066,100.0,4.999983,1.6488666e-08,-5.948485e-07,-8.288077e-07,-1.9999932,2.999954,9.174945e-08,-1.08541926e-07,1180.0,1.5716572e-06,2.8974708e-07,1.855276e-07,99.99999,3.233095e-06,-1.6050388e-06,3848.0,9520.0,0.26411673,0.9999985,3.8809986e-08,-1.4634428e-06,4.677688e-07,-2.5373001e-06,-1.4879416e-06,12.0,8.0
2024-09-28,21147.877,251.48112,260.36087,232.1907,667.0368,10.809359,21.100073,27.189154,-7.919091,755.19885,3.074223,3.1062396,104.42384,98.06616,7.5538254,33.222298,912.72253,187.19138,36.743713,1389.2834,8990.596,680.2559,75.1297,65.36026,43.501102,46.868034,49.23368,46.883327,16.821203,13.912998
2024-09-29,22410.363,212.48239,222.81598,209.2051,588.4463,9.099107,16.347446,21.748514,2.8193276,673.18384,2.8322868,2.83536,130.25989,88.017105,6.4870505,26.692522,870.55115,147.5649,30.756006,1731.1208,9069.751,816.07196,60.021446,58.9628,39.10697,39.802948,29.181223,38.916893,16.076784,13.175141
2024-09-30,8746.933,210.75998,211.34334,215.2467,589.8303,9.091298,16.752888,21.645851,49.669,663.4113,2.7110486,2.725559,116.55162,86.76171,6.310551,27.82586,885.334,144.81589,32.883095,1834.2867,9071.03,827.27783,60.018257,56.86221,39.151577,37.49718,26.892239,39.447487,15.116216,12.258908
2024-10-01,7753.068,215.09999,221.0344,222.67252,626.22925,9.491686,17.952291,21.828608,61.869926,716.55225,2.710505,2.7900014,85.45381,91.22161,6.5088487,29.363407,869.84784,154.74904,35.598835,1735.5211,9061.117,779.43604,60.87831,59.703827,40.231964,39.26377,24.882936,41.54797,14.644175,12.055353
2024-10-02,17905.186,298.7951,292.92026,235.97046,802.42914,10.525242,18.585392,21.905209,166.79297,969.22424,2.877551,3.780881,25.180994,110.01799,7.789474,33.088615,886.05884,124.33835,37.572773,718.06384,8977.881,689.0253,50.80773,63.647156,44.701664,43.093178,30.29028,43.38507,11.317132,8.251343
2024-10-03,21951.912,264.18518,259.58218,273.61505,833.7097,10.832523,27.601389,31.285995,172.03577,1005.74396,4.7747684,4.5262733,60.571526,97.63449,9.101621,49.235878,913.7439,208.49318,45.825695,1489.0521,8720.117,692.8357,79.95891,76.802086,53.663773,50.040974,77.10857,53.705326,11.158102,7.923958
2024-10-04,22846.55,298.8683,292.91226,269.9993,793.6796,12.087731,24.80683,28.568634,160.11897,953.79626,4.33125,4.1744213,15.15104,137.22905,9.018982,45.535187,920.51794,197.21991,45.088543,820.27637,8776.225,388.67477,59.23623,75.39051,53.489468,49.708218,26.509607,57.066784,14.13507,11.099074
2024-10-05,22267.902,298.88785,292.9435,269.21622,838.2811,12.844097,25.08206,28.979746,195.37859,1033.6597,3.9587963,4.470602,19.764238,133.43033,8.985995,45.00949,917.1992,189.42882,45.614353,814.9186,8790.563,439.48392,64.026505,75.95706,55.834724,50.944096,56.487385,52.337154,12.103356,9.041667
2024-10-06,8605.21,188.26703,185.28825,188.87035,385.32297,7.031449,13.297897,15.421571,226.295,611.6185,2.4532125,2.6492379,37.295578,64.974144,4.5977235,24.659271,817.4378,107.597336,24.68223,2489.9644,9126.755,510.15698,30.848543,40.834457,29.150684,27.101486,74.69419,27.679337,11.0,7.942504
2024-10-07,1749.1293,4.7066917,4.802458,100.0,2.9999826,1.6488666e-08,-5.948485e-07,-8.288077e-07,973.9823,976.9823,0.53830755,0.1983992,286.0,1.5716572e-06,0.03087502,1.855276e-07,222.25188,3.233095e-06,-1.6050388e-06,3848.0,9520.0,0.40999076,0.9999985,0.2312737,0.23299262,0.13407753,-2.5373001e-06,-1.4879416e-06,11.0,8.0
2024-10-08,2471.4895,76.40995,75.64954,102.08333,168.85426,0.82997704,0.13564813,0.046412595,663.20953,832.0638,0.014814707,0.0667826,415.41193,22.976622,0.98009235,1.855276e-07,213.12999,-0.17233716,0.1731494,3692.0588,9503.287,22.776567,0.9999985,0.17534642,0.16435096,0.10370492,-2.5373001e-06,0.8305573,11.0,8.0
2024-10-09,14228.246,190.22627,186.77777,203.15718,546.7243,7.115278,16.20463,18.34456,375.53958,922.2639,2.8914351,2.8042824,427.14825,65.96423,5.477662,28.637154,638.2796,120.000694,26.638079,2122.438,9062.351,323.51138,44.6816,44.859722,31.771181,28.966434,23.853703,33.92303,11.480903,8.481597
2024-10-10,20248.426,298.88425,293.078,250.25845,865.5661,10.908333,21.002546,24.475231,179.48056,1045.0476,3.026736,4.147685,43.07824,120.843636,9.031135,38.79317,897.117,150.6699,41.05787,811.5093,8870.973,549.35156,77.82824,71.44502,54.750927,49.23021,42.182175,51.114235,13.0625,10.029166
2024-10-11,21096.08,298.7301,292.8993,249.73079,822.4473,10.286343,22.687037,25.888773,155.7074,978.15326,4.162037,3.542477,15.6747675,134.5044,9.188194,41.207756,929.5332,173.62013,39.02037,871.0277,8868.402,443.0391,61.842476,74.872574,56.49433,53.673496,51.266666,47.45139,13.670139,10.627315
2024-10-12,22750.195,270.7279,265.3493,278.04547,1006.5338,11.640278,28.181599,31.98854,228.55927,1235.096,4.8483796,4.4188657,21.400698,118.73947,8.812268,50.02778,913.5037,209.31609,46.330673,858.2158,8721.98,597.67,61.067593,77.818985,56.145718,50.93808,66.73681,57.868404,11.131481,7.8743057
2024-10-13,14676.863,184.88171,181.39467,196.85834,644.8243,6.99919,15.12963,17.261806,126.55012,771.3737,2.6333334,2.3758101,38.39097,72.46783,8.547454,27.130093,829.3861,113.38588,25.604166,2497.8945,9083.624,1137.3949,56.076157,62.86898,50.188427,48.89537,37.176506,29.93507,12.398726,9.418287
2024-10-14,1702.0677,0.00022495678,-1.8227549e-06,100.0,1.9999826,1.6488666e-08,-5.948485e-07,-8.288077e-07,-1.0000085,0.9999539,9.174945e-08,-1.08541926e-07,63.0,1.5716572e-06,0.38842565,1.855276e-07,682.3244,3.233095e-06,-1.6050388e-06,3860.0,9520.0,1904.2477,0.9999985,0.17129903,0.13970038,0.10694551,-2.5373001e-06,0.0023140332,11.0,8.0
2024-10-15,13473.217,195.71378,192.11609,188.41493,551.94965,6.352546,14.639815,16.387615,143.73634,695.6879,2.17581,1.8826389,62.41111,87.95359,4.5670137,22.53588,740.6441,93.36632,23.17419,1899.3618,9122.196,845.70154,39.738888,38.165974,21.467709,24.477894,17.96551,26.433102,10.39213,7.3765044
2024-10-16,20498.314,298.81345,293.0474,268.4918,955.54663,11.105224,26.192163,29.657835,161.71753,1117.2656,4.735448,3.9570897,26.437685,105.50261,8.618283,46.310448,911.27277,198.46045,42.2306,793.64404,8797.628,730.893,57.17015,72.211945,53.245895,47.30336,25.831717,54.99179,11.059702,7.8458953
2024-10-17,16112.71,157.98245,178.22017,200.8785,478.1318,5.792002,11.968489,16.61584,67.872856,786.15784,1.9865836,2.7358015,163.16031,72.29767,6.286739,20.270226,866.4112,112.05647,26.489841,2134.4841,9151.315,919.28766,24.219872,48.098175,29.95827,30.183416,10.200404,33.786873,13.936119,11.334321
2024-10-18,25899.791,297.39505,291.54602,299.9582,985.5911,13.112717,31.438862,35.64473,204.24945,1189.8414,5.3672743,4.941307,18.222101,127.53913,10.491551,56.250557,901.8488,231.26012,52.379948,978.01154,8617.872,496.5227,77.7121,89.91107,65.80925,59.894398,76.737,62.556915,11.649844,8.44064
2024-10-19,23321.4,299.09283,293.18945,277.13843,899.92004,12.430093,27.618172,31.493286,223.10579,1123.0295,4.4340277,4.273495,18.657518,126.37894,9.237384,47.40162,862.42444,199.55023,47.667477,854.94006,8739.06,510.05856,62.797455,80.40243,54.014122,52.42859,44.787384,57.541782,11.341551,8.217592
2024-10-20,8282.6,83.86655,82.191086,158.68369,261.05762,3.8881946,9.251273,10.397686,52.0308,313.0897,1.5028936,1.5278935,49.7331,38.00741,3.5592592,16.473612,970.22675,72.00938,15.276735,3078.721,9253.294,1486.0526,19.70891,25.83449,18.650463,16.862846,35.94942,18.498842,13.157986,9.355208
2024-10-21,1803.1498,0.030101666,-1.8227549e-06,100.0,1.9999826,1.6488666e-08,0.56030023,-8.288077e-07,-1.0000085,0.9999539,9.174945e-08,-1.08541926e-07,63.0,1.5716572e-06,1.0039351,1.855276e-07,999.9973,3.233095e-06,-1.6050388e-06,3856.0,9520.0,1904.0425,0.9999985,0.10787205,0.19629523,0.21921395,-2.5373001e-06,5.770949,14.0,10.0
2024-10-22,12495.295,188.81747,185.62604,178.72743,396.74258,5.040625,13.6,14.904977,99.8838,496.6251,2.1399305,1.9069445,205.92662,60.3103,5.695486,22.993402,871.8745,91.572914,20.84676,2429.6492,9163.332,1219.3176,46.115856,35.94375,25.981596,23.81493,13.780438,28.380323,12.7599535,9.099652
2024-10-23,23948.852,299.13992,293.136,298.83807,949.7123,13.231134,29.689005,33.99502,200.43773,1150.1492,4.375463,4.775579,18.879053,127.109955,10.359143,54.308796,902.4125,206.90567,53.538773,950.5425,8652.383,512.0781,72.146416,88.64676,64.79954,58.52176,57.82928,62.687847,11.453819,8.273495
2024-10-24,13428.2295,205.80452,201.98796,182.9213,860.09424,5.655903,12.98831,14.730208,113.28519,973.38007,2.3096066,2.1068287,102.68356,72.05093,5.6590276,23.018982,813.24164,92.71123,21.711922,1808.2444,9143.741,267.36203,34.715164,41.92604,31.73287,29.885416,17.488426,26.20949,16.566782,13.668056
2024-10-25,25186.547,299.15683,293.16922,305.08078,965.208,13.338079,32.250233,36.645718,216.047,1181.2527,4.9869213,5.0453706,18.076502,128.26076,10.429167,57.78866,899.1976,240.91933,53.677082,997.9667,8600.5,493.78397,74.880325,91.09977,65.515854,59.54815,71.040276,66.56481,12.136806,8.990509
2024-10-26,18960.523,299.0324,293.16354,235.09479,794.5226,10.257754,18.825695,21.787153,189.86203,984.3846,2.8751156,3.519213,15.587731,135.5713,7.5207176,35.43507,930.4287,117.829865,38.90463,635.984,8971.298,422.83374,55.6706,63.65139,47.616783,43.516552,25.451506,44.11065,11.345834,8.302315
2024-10-27,16965.477,182.53761,178.79213,238.36076,594.3448,8.844329,22.13935,25.115742,134.99178,729.339,3.530787,3.2667825,230.80023,78.48218,6.9552083,39.41169,929.7404,166.61678,36.49514,2191.0132,8892.459,1044.263,50.504745,61.61065,44.49074,40.19352,64.12118,43.12685,10.708218,7.5377316
2024-10-28,1875.6527,0.051769145,-1.8227549e-06,100.0,1.4268014,1.6488666e-08,0.03922212,-8.288077e-07,-0.9540947,0.4726102,9.174945e-08,-1.08541926e-07,561.0,1.5716572e-06,0.6291111,1.855276e-07,999.88824,3.233095e-06,-1.6050388e-06,3848.0,9520.0,1904.99,0.9999985,0.24800114,0.087442845,0.15311097,-2.5373001e-06,0.71777576,10.0,6.9999995
2024-10-29,1878.8207,0.150463,-1.8227549e-06,100.0,0.9999826,1.6488666e-08,0.42858827,-8.288077e-07,-1.0000085,-4.6059402e-05,9.174945e-08,-1.08541926e-07,561.0,1.5716572e-06,0.8856481,1.855276e-07,999.46423,3.233095e-06,-1.6050388e-06,3848.0,9520.0,1904.99,0.9999985,0.13286977,0.20902488,0.12696694,-2.5373001e-06,1.6193261,10.0,6.9999995
2024-10-30,15319.769,208.05162,203.98518,203.36076,605.0941,7.5457177,17.141666,19.107292,127.2059,732.2987,2.7347221,2.7252314,180.7522,96.29525,5.5167823,29.353704,947.3698,119.16736,27.652199,1901.3872,9049.783,848.14514,39.44352,45.78773,32.51956,29.43287,24.663889,35.926968,10.71875,7.5585647
2024-10-31,15546.692,182.96307,179.89523,134.66252,570.543,3.0427737,4.6828723,5.5341997,130.22443,700.76825,0.89862454,0.9540229,47.906914,47.652344,11.314114,8.489542,728.7183,37.94611,9.135481,2753.0461,9379.768,936.9291,158.91483,64.95478,60.131714,62.173542,11.917279,10.608818,19.604107,17.355946
2024-11-01,22091.977,168.9547,176.47002,185.29085,520.95966,6.1045885,12.259986,17.713806,136.15152,742.2968,2.271955,2.3994744,133.46806,71.995605,5.2788944,17.799465,850.1016,106.82985,22.210257,2138.54,9117.379,977.95483,38.230034,44.0509,29.266438,22.965685,24.452715,29.685688,15.4888935,12.717307
2024-11-02,18634.885,130.09212,130.78276,162.46019,421.97736,4.572024,7.4517617,13.654044,155.47464,622.8588,1.9733694,1.9597082,167.12164,57.227863,4.116615,11.465616,849.2733,68.69217,16.366636,2572.225,9188.002,1119.9865,31.555494,35.080456,25.012867,14.659931,13.914279,21.700523,15.116915,12.545789
2024-11-03,16308.669,112.08389,112.64826,153.56157,361.06088,3.7588892,5.6445365,11.893835,226.1398,600.54443,1.7918948,1.7835484,176.72507,47.717747,3.6643326,10.585678,900.1205,52.054462,14.477574,2783.8164,9216.876,1226.6257,32.508205,31.328972,22.525688,11.629824,16.327942,18.840784,14.657076,12.126171
2024-11-04,1884.5785,119.34906,104.6446,163.53435,372.1999,4.1419196,7.756124,12.680374,310.78326,614.80646,1.761172,1.685952,164.99693,45.756744,3.758725,14.598935,938.53125,52.816063,16.961084,2885.0366,9212.067,1230.7883,39.52165,29.894802,22.305786,11.090237,24.578201,20.918465,14.185521,11.706979
2024-11-05,14023.59,141.26715,137.35191,169.569,443.4599,5.155479,10.9399605,15.1510105,346.8401,749.04987,1.94012,2.1147442,149.88828,56.325153,4.5424438,20.770855,968.9362,82.11258,19.675245,2506.9314,9160.865,1205.3074,43.570156,37.128887,26.501596,18.509022,33.273026,27.330729,14.581956,12.063856
2024-11-06,22391.217,157.51682,159.6134,170.94676,505.3146,5.585016,12.307483,16.981148,322.33844,849.69885,1.9675522,2.3783875,171.42055,64.15727,5.1684184,24.916996,953.2494,103.22338,19.307213,2133.9556,9133.281,1146.5768,42.67462,42.397724,29.76387,22.561653,29.178059,32.86406,15.120073,12.389654
2024-11-07,14375.335,150.29953,146.22787,165.29659,495.17545,4.7527514,10.38771,16.547312,276.98752,862.70734,1.6743213,2.2163215,212.8155,62.40783,5.2335653,23.898115,876.9755,95.415146,15.732424,2073.8455,9167.897,1031.9094,37.061584,39.258057,27.770403,18.605778,11.647019,34.110416,15.150513,12.088221
2024-11-08,20641.926,152.58952,157.65176,153.37648,496.95984,3.8391774,8.371034,16.24495,325.1347,1023.0939,1.4967812,2.253739,206.47961,67.007545,5.573044,20.877407,785.3849,91.38102,12.179061,1942.3248,9198.787,802.606,29.364784,40.321045,25.865784,18.761074,0.8383382,36.57418,14.975244,11.967771
2024-11-09,23945.592,299.32758,293.27087,327.73737,1025.9534,13.340206,35.948967,40.39227,203.11778,1229.068,6.5523195,5.592526,20.152323,124.19897,10.8752575,64.233246,887.51135,267.8304,58.586082,1084.3275,8499.451,541.47925,75.55129,97.31933,69.922165,62.92165,45.60928,68.59897,18.191753,15.075773
2024-11-10,16696.068,180.00197,176.47488,241.20555,618.7867,8.753472,22.488773,25.580902,137.03877,755.8267,3.7189815,3.6509259,203.5581,73.23947,7.1145835,39.91389,921.30164,166.51886,37.321064,2328.0024,8872.113,1087.873,50.378704,62.859608,44.562153,41.25243,166.65105,44.872223,17.54213,14.465509
2024-11-11,1861.7015,0.13137425,-1.8227549e-06,100.0,1.9999826,1.6488666e-08,0.49548662,-8.288077e-07,-1.9697961,0.030166343,9.174945e-08,-1.08541926e-07,456.0,1.5716572e-06,0.9994214,1.855276e-07,999.98694,3.233095e-06,-1.6050388e-06,3848.0,9520.0,1905.1837,0.9999985,0.11284641,0.20104071,0.20277832,226.0,8.151735,18.0,15.0
2024-11-12,12536.73,73.854546,72.79969,100.22965,136.9265,0.32865575,0.8629745,0.00076592533,114.49222,251.41872,0.02857885,0.096708186,412.84055,6.9025207,0.91451865,1.855276e-07,870.6818,-1.9630018,0.28629714,3623.6633,9515.906,1735.8688,0.9999985,0.02960209,0.32763526,0.1837201,147.74483,15.026281,18.0,15.0
2024-11-13,20523.951,122.94806,123.54383,143.87444,385.74176,3.09894,7.756146,10.830069,330.13687,579.4595,1.9755743,1.6549298,222.3847,29.584154,2.8139029,12.037933,745.40594,45.717724,16.602997,2751.6365,9284.148,911.6362,41.056194,25.190708,17.673985,12.676731,9.460553,16.837713,15.271032,11.331176
2024-11-14,14773.396,182.11243,194.90605,190.55971,533.347,5.9186945,17.131731,18.368193,378.94232,798.857,2.3000736,2.3266094,131.2596,58.725677,4.8231626,24.23683,851.4186,111.97098,29.016838,2178.5198,9121.555,828.14624,52.600285,38.17563,24.228573,26.438292,32.42534,32.029747,14.580953,10.340445
2024-11-15,18206.59,214.34889,228.83798,210.5857,657.29987,7.793335,21.381617,21.398092,313.41727,886.5393,2.5929477,2.6781895,81.19203,77.495735,5.850115,29.439047,860.9701,148.29514,33.580013,1798.3688,9043.662,795.6422,57.417717,48.325603,29.937487,34.812397,39.041904,39.8889,14.896846,10.942958
2024-11-16,20657.809,205.09502,213.39066,207.92613,643.38434,7.8321805,19.521675,20.823923,213.44875,859.338,2.7251315,2.6517093,98.78006,79.25399,5.8383636,27.613045,856.0191,138.57742,30.57989,1858.1797,9043.654,849.884,55.4798,50.438053,32.023388,34.334602,38.885654,37.8388,15.4885845,11.952767
2024-11-17,,,,,,,,,,,,,,,,,,,,,,,,,,,,,,
2024-11-18,,,,,,,,,,,,,,,,,,,,,,,,,,,,,,
2024-11-19,,,,,,,,,,,,,,,,,,,,,,,,,,,,,,
2024-11-20,,,,,,,,,,,,,,,,,,,,,,,,,,,,,,
2024-11-21,,,,,,,,,,,,,,,,,,,,,,,,,,,,,,
2024-11-22,,,,,,,,,,,,,,,,,,,,,,,,,,,,,,
2024-11-23,,,,,,,,,,,,,,,,,,,,,,,,,,,,,,
2024-11-24,,,,,,,,,,,,,,,,,,,,,,,,,,,,,,
2024-11-25,,,,,,,,,,,,,,,,,,,,,,,,,,,,,,
2024-11-26,,,,,,,,,,,,,,,,,,,,,,,,,,,,,,
2024-11-27,,,,,,,,,,,,,,,,,,,,,,,,,,,,,,
2024-11-28,,,,,,,,,,,,,,,,,,,,,,,,,,,,,,
2024-11-29,,,,,,,,,,,,,,,,,,,,,,,,,,,,,,
2024-11-30,,,,,,,,,,,,,,,,,,,,,,,,,,,,,,
2024-12-01,,,,,,,,,,,,,,,,,,,,,,,,,,,,,,
2024-12-02,,,,,,,,,,,,,,,,,,,,,,,,,,,,,,
2024-12-03,,,,,,,,,,,,,,,,,,,,,,,,,,,,,,
2024-12-04,,,,,,,,,,,,,,,,,,,,,,,,,,,,,,
2024-12-05,,,,,,,,,,,,,,,,,,,,,,,,,,,,,,
2024-12-06,,,,,,,,,,,,,,,,,,,,,,,,,,,,,,
2024-12-07,,,,,,,,,,,,,,,,,,,,,,,,,,,,,,
2024-12-08,,,,,,,,,,,,,,,,,,,,,,,,,,,,,,
2024-12-09,,,,,,,,,,,,,,,,,,,,,,,,,,,,,,
2024-12-10,,,,,,,,,,,,,,,,,,,,,,,,,,,,,,
2024-12-11,,,,,,,,,,,,,,,,,,,,,,,,,,,,,,
2024-12-12,,,,,,,,,,,,,,,,,,,,,,,,,,,,,,
2024-12-13,,,,,,,,,,,,,,,,,,,,,,,,,,,,,,
2024-12-14,,,,,,,,,,,,,,,,,,,,,,,,,,,,,,
