SUM,Φούρνος Προθέρμανσης 1 καύσης Φ.Α.,Φούρνος Προθέρμανσης 2 καύσης Φ.Α.,Φούρνοι Προθέρμανσης 1-2 καύσης Φ.Α.,Επαγωγικός Φούρνος Προθέρμανσης,Μηχανισμός αφαίρεσης οξειδίων πριν τη διέλαση,Κύριο σώμα μηχανισμού διέλασης,Έξοδος διέλασης,Υδραυλικές Αντλίες Πρέσας,Υδραυλικές Αντλίες Πρέσας.1,Αντλιοστάσιο Πρέσας,Q_KG (Produced Quantity),Q_ST (Produced Pieces),MACHMINS (MACHINE MINUTES),TOTDH (TOTAL DELAYS -HOURS)
616957.9885886593,11517.850154951215,17356.61644487383,42294.62837550485,152735.58837902546,52071.31075908665,11791.488657946182,31844.562175810337,103595.11582094431,125524.80203866959,70836.39456439803,6991397.4974143505,12362.614694178104,21385.603327453136,250.70891153812408
602894.5322046211,14629.530675888062,13538.34595361353,43977.27170875599,136959.65112629533,54248.11278699862,11007.455779959117,29911.846253335476,101594.75944209099,125638.3161842823,74085.9086803951,7200926.835727453,12687.063597202301,22479.60953772068,190.29348620027304
572900.9907666229,13068.158985227346,12512.369120293863,41354.286032088465,133078.46875685453,51714.00616830379,10994.875012988266,28419.137404680252,97817.61526751518,122767.79074907303,69897.94808764661,7038244.040946782,12429.43500316143,21662.909788638353,177.7524424418807
493235.3030699605,10968.77181738615,12000.09238941372,35884.20679621969,114890.88732650876,45004.86762849736,11970.165242437426,22521.80521979928,80604.08223617077,96859.23343360424,60887.370593096624,5534136.521490604,9737.491094976664,17685.136439055204,122.0514897890389
610893.8422079812,14901.819397062063,14748.738255494847,46495.882320047094,137280.98259735107,58299.17147722375,13532.283389326414,26267.746437609196,97740.49267786741,119588.5223287344,79208.58980630718,6805626.109185636,11933.606941699982,21261.97196289897,155.16035591065884
575688.1177703717,17929.144581526518,16775.045049893877,44098.682900905864,128555.3619274497,55051.84168096284,12011.55761747275,23512.492824584246,93114.59112781286,110440.27110874653,75112.0852610574,6374668.087772608,11169.190589666367,19769.17387291789,148.28156695514917
570752.5385237049,22648.30214226246,20815.157966125043,47949.05441797395,121899.89707095921,59858.384603543476,12224.92326820765,21126.713763073087,88264.36076331139,101375.51838755608,81888.31194222269,5940408.346970439,10371.640954703093,18565.75757995248,147.36945654079318
546811.8864047967,25188.27359777689,21038.072545635732,39535.97014613016,124180.59827277064,49279.27465727333,11721.91529066239,20890.558066815138,85890.52787798643,101576.52894556522,67014.04894462277,5889101.853541434,10291.747141301632,18777.524898648262,143.2246237695217
685900.9047344148,28685.39921528101,26623.55780403619,49249.20615790882,160492.2195608616,61140.47622867534,12386.228038669196,25818.995874881744,100968.02898544073,126324.34563994408,83523.30770514041,7308457.6934450865,12765.246289134026,23978.155836760998,182.82450658082962
632713.0403478632,26469.06694626808,23634.99283382897,49286.15523169772,144415.9127216339,61506.67089735127,11060.426766165872,23839.293002694845,90073.12673527002,115726.73338472843,83874.78289850423,6929776.630166054,12097.247106134892,22046.62103265524,150.88846131041646
683392.3316177239,26575.238823473454,25491.273234677363,55657.451504048324,155456.00524434447,69831.03160570093,12556.252306923312,25590.153584629297,93839.07037037611,121767.70992398262,94822.30098252435,7173520.994392693,12548.38683539629,23316.358762979507,169.41078525781631
568886.8440497656,22932.056713223457,22557.52744579319,43748.60449366232,130968.1482296288,54939.958059590455,9916.329702174482,23672.20290529728,81152.96167436242,108173.35238993168,74687.27362472178,6392353.122818708,11184.268257677555,19986.96642279625,152.39444334805012
612524.0375522024,23813.14867758751,23692.5226005793,47074.641733468874,137967.65173649788,58936.8022724722,10382.112788134744,26087.692934542894,86931.43144699931,118016.12960994244,80225.40333756227,6798188.990244508,11917.265209078789,21587.628538906574,170.71838878840208
540053.585699382,21539.067362725735,20704.02047238353,38304.44973857452,126062.1200593859,47899.56801164578,9529.01355946463,24484.74750548601,80303.6333681941,108240.67928910255,65444.324190954496,6224186.883821964,10906.489566624165,19671.58063709736,154.3125820979476
623031.3601546639,23987.394884884357,23369.767426252405,46387.80986489657,142179.5731973946,58043.53303803,11078.811499890615,27135.1760045588,89940.06808209419,120102.65323519707,79053.02167081379,6864200.163346291,12044.165858209133,22213.308365643024,175.4198673814535
584634.6908224551,19077.078069865704,18003.346626794362,43241.9572823661,130017.43273457885,53453.267075385214,11210.26798778851,25545.65467402339,93058.94583004713,113680.62702298164,74035.99984234228,6608728.743681252,11514.72629904747,20357.0011626184,146.07058956101537
682510.4973201193,24531.54080414772,23289.023820471804,52751.94028970285,161577.88464137912,65871.94910626656,12707.735208212924,27374.876951873302,99247.62248831987,124263.35859000683,89982.7680617587,7161937.323748887,12571.203891813755,23282.725936174393,197.3591487556696
570752.5034913556,23366.14392054081,21057.94877561334,40108.031229774664,138892.00662967563,50162.831520404754,10205.87793769034,23991.34546020627,85562.28513482213,109797.31506466866,68445.70691927183,6430934.101930141,11289.525596499443,20380.590474307537,160.81102561950684
665128.66003203,25057.149992644787,25127.131708097502,51785.15216250862,152744.17954090238,64795.98592671016,11741.825157046322,27371.73694679141,93812.12607640028,122873.74719500542,88244.9315543101,7093959.503012061,12435.900072455406,22985.152477920055,186.15183417499065
528585.5476260502,20782.91227579117,20493.677786386044,36915.16759815059,125685.41618780792,46201.52348469737,9643.07651995717,24071.38023775816,79251.77459332347,104214.80572193861,63125.70593290492,6031285.629783392,10564.393848359585,19172.032689750195,151.27648559212685
658207.4355472813,24590.695427000523,24641.529141783758,49379.937365013364,151801.22498866916,61815.34640004295,12591.199335493115,28514.552178680897,94553.43338745832,123309.543248415,84153.29541863158,7043255.453315258,12359.111992835999,23206.58094316721,186.78666219860315
536568.1588762247,21187.244715631008,20598.59950695041,36278.36150975962,129031.12790423632,45369.24015012405,10332.205986076915,24809.18542331457,81915.73113325238,105595.66825807095,62015.2007879984,6080539.217105687,10650.358918726444,19644.23543214798,152.85077539086342
678567.5129822227,25116.815876543522,25522.236191964195,50345.90906000085,159247.71660280228,63057.88174684733,15174.26296070226,29483.002980470657,98088.32424986362,124583.80583882332,85804.45495953673,7119706.632627785,12486.171981155872,23878.937046825886,191.1354712843895
549991.4808182096,21668.718160808086,21334.656815171275,36737.33845811964,133668.81872448325,45938.13962763012,11506.22723665454,25405.13739991188,84680.68031463027,106212.13714659214,62752.39459443853,6133980.778404653,10739.842466592789,20096.206292957067,154.11772799491882
697929.4487197483,25569.843194901943,26486.444913983392,51519.488983938514,166893.5112466812,64542.41615020241,19031.036542298574,30451.770834207535,101196.68596941233,125665.10064065456,87801.97445516396,7188359.044683933,12600.054539620876,24492.539099156857,195.91275320202112
563634.50230036,22071.11656421423,22075.467772436175,37079.102220473906,138757.90102380514,46356.324961261984,13282.820457865266,26062.30272990465,87561.10742139816,106718.87465119362,63275.57584299961,6176238.780915201,10811.144781887531,20549.71833318472,155.75379223376513
716132.4676312837,26023.846130669117,27375.17898375993,52741.911413001115,174873.0723001361,66080.70475345323,24684.115007342552,31433.868266284466,103962.37418043613,126761.80423080921,89881.09329074174,7256353.2522544265,12713.992709040642,25104.211750924587,201.13664545863867
577949.6661144113,22448.625779271126,22839.65456147198,37402.08942118157,144404.83548942208,46754.668371963955,15989.144050039504,26750.014452069998,90479.87471985817,107159.2866909504,63745.23514606652,6212622.33115077,10874.257693886757,21015.8519500494,157.7122153416276
731785.4351245087,26456.79980814457,28143.049711155945,53984.055093003604,182443.1381225586,67637.50788774378,31940.395553025905,32327.21794629097,106157.39823716879,127767.8662788868,91993.70095430221,7319043.587994456,12819.915407299995,25661.11010581255,206.24769569188356
591124.0248270816,22756.581603229046,23546.43307831291,37697.228284810284,149927.7508227229,47123.724690688876,19607.513675005663,27377.78102862835,93005.63271600008,107413.795748353,64147.41608276789,6236284.918967009,10918.161951065063,21435.72726175189,159.6814140379429
534981.0182893432,24159.838388860226,27052.838566708615,29727.661845074024,123121.60111278296,37267.422725763274,12466.017827574839,28073.661676079035,98005.32273995876,117675.59499680996,50641.773265967255,6842850.167431414,11970.588621020317,21266.029751747847,148.59828601405025
709351.1857047013,17191.00714686513,31799.905957412786,54768.28235904977,162174.64701920748,68197.6845042572,16021.241244450812,32751.63291144371,108889.46059930325,125824.49299633503,93217.7615761519,7351791.081915081,12834.798634171486,22450.176912546158,241.50362645089626
660109.9256654782,7722.514724895358,23500.730178117792,39972.746206544005,186599.04961138964,50208.50759251166,13114.172112406868,34280.55861890316,108370.87077575922,127181.4873623848,68371.66054887825,6837716.764190078,11959.972055912018,19623.942098468542,324.72069334983826
640171.7311361972,14944.959979355335,16309.59242542984,42708.58708649211,158673.07199463248,53776.05085759542,13490.785602347743,30528.70579636097,104977.64038699865,126548.6591053009,72811.94392199871,7135012.845653117,12528.710417509079,22168.07182341814,251.77247968316078
581032.0457584037,15312.400322437286,14020.584028458607,39225.38664688776,134349.26810094714,49070.75518240997,13381.180193734137,28547.995949327946,101160.02828168869,121247.83641755581,66856.7412518707,6944729.388292968,12183.645232021809,21262.601115256548,184.813240326941
622136.0734349124,15137.121430367231,14504.410260581983,43342.85285710467,143663.4682160616,54161.56683575862,13165.730430105257,30639.601041018963,104668.55032402277,126803.20728123188,74049.08413383123,7303063.238839626,12797.19340223074,22823.155987858772,196.0524234622717
619977.963941026,14858.03700235486,13961.594930553449,44080.4317795815,141730.17699617147,55149.51703745353,12719.290435749037,30630.95579355955,104315.35775828362,126973.1303447485,75410.38877113184,7321851.881614268,12842.76677685976,22927.823529839516,189.73968510329723
590354.469209114,13739.429103642702,12961.670824131379,42600.73942602012,134379.3945030868,53536.225620750585,11075.09498655003,29306.85010945797,101019.61264896393,125168.87819647789,73058.72832817951,7222513.757945776,12689.91671526432,22094.43173468113,180.21883030235767
468445.9280622995,10078.10973417759,11554.507266870145,32809.279003433,109537.80912658572,41159.54778570849,11466.9445851614,21533.674869686365,76575.55743041635,89904.73168104887,55817.03486077607,5143406.01458025,9050.704677760601,16757.466406971216,114.59573336690664
619491.387963583,15031.632016301155,15090.34847711326,47530.41777109941,138227.14794152975,59704.069262710065,13969.495013445248,26622.062408059835,98604.63035064936,120789.3946480751,81138.20074776032,6877143.941184521,12044.488875031471,21490.66104143858,157.16684532165527
564152.969393153,16885.18783122301,15923.168518078344,41474.44775197599,126797.65515851974,51747.20130887183,11733.336155087618,23768.371607989073,93202.98089075089,111150.36628305912,70571.01570157375,6400027.623253107,11191.28983092308,19788.374237269163,142.84558805450797
605594.4870457604,23185.73912835121,21848.993542099037,51787.430449680134,127820.64558026195,64725.19628959519,12616.726841886011,22063.802470967174,92238.61383664608,106917.82757461071,88661.82820511871,6299299.122266889,11020.03767055273,19522.138419002295,155.8694293424487
481395.2739951543,20959.76951044798,17439.38845113518,36040.71767771717,108311.57328127325,45026.60927332724,11018.011449877513,18929.583214983344,75787.46409091353,85419.5909434557,61176.93635407575,4908360.783082068,8577.381600603461,16280.535267591476,124.05247685313225
687861.7821015129,28921.8019451499,26857.582851171544,48339.30625457963,161778.16008239985,60105.669093256925,13109.370301452396,25831.305826067924,102426.35557997227,126813.66757571697,82065.93954435864,7292784.825016439,12751.281629025936,23964.432511925697,189.67276342958212
619582.6355561658,26531.647174477577,23325.970733737988,46588.095027938296,142954.93817061186,58004.80767254806,10710.095368817974,23643.16734752059,90067.11454737186,115062.88804650307,79267.16587086374,6878692.724561036,12003.836478292942,21802.32263535261,150.77884967252612
490842.2608026704,21721.143525123596,24357.987382602732,28699.1565457514,112064.83081933856,36462.38454070738,13991.531677136834,24675.37238380313,86603.90198859572,102827.83287167549,48959.439213459365,5961449.951779485,10440.183034062386,18774.675667583942,126.12428420037031
441043.59813372453,19069.20590054989,19306.387604403524,25780.694468660226,98213.07416435331,32733.638149988616,16404.764041875456,20760.586863338947,71854.17112994194,84121.02596729994,43618.58645983052,4765819.227638364,8381.10224276781,16262.662219628692,100.84763278067112
550161.8197781539,25750.380883693695,28016.800110149437,28250.68633517359,131056.05971309543,34897.01412609705,13898.517514535826,30783.48457324505,102807.8220872879,125405.72915017605,46941.265413826586,7188257.082163334,12628.361304402351,23593.92712712288,165.90683270990849
572542.0843476272,20728.021288633347,27771.895016098075,42995.59058933101,119184.64270040393,54336.23954130785,16876.005907592033,26055.856006979942,96532.03382390738,105923.41893613338,73954.26886022082,6390003.432946682,11290.978580594063,18901.98732957244,134.44717383757234
715769.2055235199,12990.611472636461,31909.489856982298,55200.012261618234,172310.48420631886,69292.8207391417,16325.052569589694,32855.52622014284,108657.49615478516,124523.2386213541,94402.11327744255,7235538.104382873,12576.690444946289,21359.631040245295,271.449605345726
685916.7160014173,8123.8739941343665,23192.40771908764,43914.7318984328,194517.01850163937,55367.154143105436,13795.510373939354,34088.05598926544,109058.32887339592,128566.25197172165,74975.08807467697,6984914.456344545,12243.415965080261,20276.122895479202,328.0807677358389
632274.9958517068,14776.36344113946,15662.648231548088,41690.40648263532,157923.49885442853,52833.66812321641,13082.334736165782,29664.66183811426,104054.5893304348,126063.80841732025,71247.22392157873,7080138.119192958,12430.366979658604,21750.573146939278,252.7903489470482
577092.9967210831,15093.285877019167,13650.345779401076,39530.812280499726,133349.16145208478,49531.61875113962,11859.437790497286,27983.704512238503,99938.33958554268,121705.26892900467,67480.50182052638,6977236.541986465,12242.402741372585,21072.028915286064,187.00594656914473
612913.4337925743,14839.23760536313,13849.934102505456,43603.959461331746,140328.51035922766,54496.12475642332,11428.026421444198,29856.735777795315,103170.63415366411,126806.7788028717,74535.2762831148,7307437.613049269,12810.152332305908,22507.331258654594,194.2318759560585
614752.0949702723,14619.314835906029,13378.210892665396,45036.985542913855,139180.20272785425,56392.23684001407,11127.28280655798,29948.817785084248,102875.6856046915,127264.58294034004,77095.11001336432,7340319.615562916,12883.726414263248,22741.15646392107,189.22423624247313
609507.4720151714,14144.29156640172,12886.12407813669,45625.52145618967,137487.10626655817,57340.72557708793,10523.559099093178,29636.72107708454,101693.49259126186,127352.86563515663,78227.06577987284,7341391.360003769,12901.157096147537,22684.494709968567,187.66908437758684
537285.5396485741,11551.357687950134,11939.870191594964,39911.74134393383,123771.43788146973,50452.32707222606,9790.669200900966,25980.506304562092,91297.24453705549,115640.04672586918,68957.94541237458,6722337.295930326,11840.148985385895,19819.379255622625,154.35910575836897
529829.2894472441,12034.39774954319,12568.81206936837,39585.1974225147,123298.67858199775,49933.3202909352,13103.431971587617,23705.21128770709,85839.2652683258,105394.25869107246,67196.01603689321,5969761.9455625415,10525.988765239716,18894.878883361816,133.99800515547395
576168.1660533876,14326.963418275118,14034.180595880758,42205.20422491439,132422.10949367285,52963.21122838495,12790.257170762834,25108.113311707973,94476.95896315575,114904.32109177113,71811.88655850023,6520044.793035746,11458.877913117409,20303.57686087489,148.4597574621439
601127.4537940759,17114.77374714613,15980.049615621585,44775.43900308889,132469.89983835816,55689.46385678343,12363.041122821163,25304.34762787819,98011.25012117624,118296.10091745853,76059.14489699237,6775688.274454296,11845.735322713852,21031.336413770914,148.0763076506555
534762.416429457,24151.806743621826,27044.969350385716,29722.395719429693,123067.90979118645,37263.53794962753,12469.800780133237,28058.7215333879,97960.96581715345,117621.09897494316,50634.066322085375,6839982.016349733,11965.559576451778,21255.020073205233,148.48761667311192
443521.17929869867,20613.778678953648,19900.933081769974,25567.78149902892,98012.44209608436,32415.098574055854,15246.731444739928,21171.19369521737,74246.94997917116,87063.20578888059,43449.06484190708,4946701.82025747,8672.060828700662,16486.98259100318,101.09896994475275
550773.4729201932,25910.70890802145,27970.965939974838,28634.757007673496,128812.49590697885,35337.86209042546,13707.35369761501,30597.424201011658,102903.55671453476,125235.90388298035,47603.35383562307,7200960.519774437,12643.441338837147,23524.02976334095,160.6412050947547
657238.3940547178,20214.36654037237,30736.49623260504,52340.17987759659,136800.5793196261,65085.8193601035,16302.535984620828,29820.097671568394,104887.90280359983,117620.83688080311,89242.11629757869,7086400.848387897,12436.799707829952,21146.98193281889,171.0240840613842
669651.242912319,8248.796213850379,25618.701472520876,42633.53186691861,179913.79548591375,53324.50833815178,14446.65256772891,34524.12149709463,108583.39025992155,126928.64475429058,73024.00065333825,6963080.138456821,12132.316715180874,20086.81534051895,312.009775608778
663059.9764485608,14791.764593839645,18044.18485705855,43597.87759303491,167429.31903284788,54834.50108362926,14800.19902934887,32162.057697951794,107054.84979140759,128415.16839146614,74351.40978237812,7258635.346437573,12725.380333840847,22951.840567588806,264.71418288350105
589612.133726584,15695.431000441313,14693.348259234443,38968.582861047566,137435.69690066576,48753.29475884508,15757.646060373787,29235.452392578125,102702.18628007174,121106.39555454254,66399.25414810846,6928233.309067428,12149.476441562176,21524.114389121532,187.22849187254906
629551.160625767,15517.244018018246,15319.174744290129,42721.866521827775,146824.29106515646,53355.839958416844,15768.64379235037,31307.196338117123,105954.38013005257,126564.12657141685,72940.34440446697,7285767.391093135,12758.652249753475,23040.68956106901,197.82655422389507
631894.4044084692,15277.668186336756,14931.553696620478,43482.26555194812,146396.77870446444,54316.43037220382,15551.053498167697,31550.425790786743,106127.79767680168,127073.90749752522,74305.96032286545,7323143.937929988,12831.267141342163,23263.30902636051,193.67114824056625
628199.5892333024,14668.994712769985,14397.800533765567,43804.131537479974,145356.7940196395,54883.70250173022,14353.431292929356,31454.961896061897,105592.74929958582,127394.59336936474,74958.58343749696,7336059.2664042115,12863.073057830334,23258.650372624397,193.6368893533945
567448.0537848924,12467.65005350113,12878.572213971624,40377.02495526924,130662.50377064943,50880.1092768354,11167.83003020246,28313.506264299154,98531.17262113094,120638.51839601994,69704.85958268587,6991365.178936839,12264.234182357788,20994.540755152702,168.01467832922935
501020.55374139897,11314.975283443928,12273.458979573852,36607.79742161378,116981.01197239757,45993.484973908504,12973.73705088381,22821.946241229773,82042.00525197387,98123.51297557354,62051.787908504004,5595342.824606597,9854.49299415946,17958.091506958008,124.07464279606938
599054.9049747295,14932.709257870913,14667.287327963128,45024.60528629237,135325.20666015148,56475.00920573769,13592.858511037868,25850.507563710213,96725.34459489584,118029.86412525177,76620.05573204244,6712684.085330546,11778.283178627491,20959.678398817778,152.05681842565536
586322.7012205382,17332.228548526764,16259.167995440977,43573.90179250415,129648.09533709288,54232.80468312222,12012.671123916549,24582.079476237297,96166.54731827974,115447.86521971226,74094.81568371019,6638766.264984071,11597.21390992403,20503.325906395912,145.60575389117002
600191.8798725826,22940.07585054636,21571.202525210414,51155.37401081623,127368.90091407299,63932.98467513529,12599.945186271523,21986.97803044319,91639.7575186491,106159.71831858158,87502.72829311556,6250548.064510405,10941.104427933693,19426.47946089506,154.76883777230978
620383.778675789,23109.844224095345,21131.913124847444,46830.572635123695,137959.48715126514,58038.31311251899,12258.824343057913,25778.82777479291,95130.88510501385,116894.31192457676,80042.35960039389,6802935.4821353555,11894.629578471184,21383.94168242812,155.70457276701927
651585.457390601,24856.83885294199,23653.068989300766,47824.31129979115,156397.31311899424,59731.306654742424,11699.033104411144,26880.322058081627,95450.80619263649,121567.86118626595,81546.14573094586,7028129.495460272,12336.04015147686,22732.929687201977,187.36500047892332
584807.8557252462,22720.976258277893,22408.63796279434,42712.93127813271,137895.4593730271,53409.21662737239,10417.4094577279,25322.02662307024,85915.62156903744,112406.20404660702,72938.8798853154,6534971.150152862,11456.483881235123,20713.95441055298,165.48018508404493
617995.8803251272,23538.676543414593,23634.375585627597,45693.814906996864,142849.49576312304,57139.182667133115,11438.603247985026,26992.041935503483,89839.45404189825,117955.1868546009,77894.73982087284,6772767.093758106,11877.979421973228,21871.297242343426,174.34304167330265
570792.545466652,22231.923016309738,21927.041923832927,39871.9650978074,134985.15627205372,49848.79645747076,10894.92871602139,25925.705438435078,85716.66963937879,111499.150993824,68080.44220850337,6400951.203406215,11217.896714746952,20659.432262331247,162.17027713358402
637976.9310951015,24230.451825797558,24234.051764106793,46079.97354970117,148993.38284552097,57636.66846094727,13367.580939536025,28095.902200341225,93766.44253480434,120104.45268750191,78526.34015095787,6872804.16140151,12049.837386786938,22685.095574855804,177.71283776313066
583221.1705589063,22699.503294348717,22537.95704693798,40017.16039441246,139544.9578665495,50044.69364217836,12290.92710500144,26480.573883265257,88458.3015267849,111883.54530096054,68307.69185681976,6438320.467205882,11276.679465949535,21094.38772201538,162.67279681563377
663376.9958551947,24874.313974380493,25368.521838975,47751.35370418127,156988.42908984423,59751.15202544346,16511.4060386733,29120.167541384697,97587.89214241505,121827.10358560085,81352.74927733527,6981681.698213756,12234.388453423977,23446.930799782276,182.50245318561792
593627.6233501661,22948.062154591084,23147.017632460633,40056.227778791814,144001.1655523479,50094.29155396082,14170.690038749432,27014.450661033392,90845.32790857553,111736.31489574909,68346.65793941426,6447507.108235955,11287.899469077587,21423.953821510077,163.31108433008194
688332.8504256478,25452.623701334,26438.739448356675,49504.90941520007,165762.936360538,61960.35965433164,21331.436185580646,30251.27194607258,101166.20402532816,123613.69763016701,84322.11239832759,7088403.00082922,12417.52558195591,24223.374064564705,188.56729191541672
603002.8405513328,23123.807748258114,23686.33336069588,39902.68749691143,148731.89136263728,49902.33000001333,16837.588450605726,27550.909998089075,93118.66790610552,111381.16951227188,68040.7309371913,6441556.866855264,11275.02257502079,21729.11758840084,164.1320528164506
711699.4741457086,26015.77070772648,27429.0038648129,51399.5368885365,174948.4066528678,64346.08971798746,28219.80677885667,31383.425748050213,104248.12726217508,125388.78300368786,87538.88287505956,7192876.8036881685,12597.939351320267,24985.9915843606,195.4683957323432
610623.7661494638,23241.391534864902,24158.856409692806,39648.1992341711,153269.44216895103,49585.25400293092,20297.27672629193,28011.16671833396,95003.99613785744,110755.80898225307,67534.15775894454,6418901.158929944,11235.923735380173,21979.883086681366,164.79226571321487
730467.9151756032,26503.548142313957,28235.012710714393,53232.99538535633,183172.30897337198,66653.81395952532,36101.91654751152,32360.017193496227,106494.03532731533,126930.142993927,90662.14039537204,7283001.885316789,12754.389532029629,25635.547011494637,202.2805608510971
615085.9299045898,23282.409680247307,24499.16684904103,39319.39357488195,156820.34413149953,49176.06907586873,23923.03186833099,28313.851597875357,96211.84014338255,109871.75762414932,66877.02589995877,6378717.684042752,11169.538453936577,22132.480333149433,165.02382249385118
559574.1012049231,24837.274909615517,27665.513266134316,30534.234805454373,128948.78943821788,37986.5700360964,12238.846181612094,29545.02905857563,102061.77165973186,122551.76258802414,51852.13722515786,7090931.580302119,12409.848903775215,22358.277749419212,160.07280234992504
713186.5740203228,17167.137353628874,31853.229498863286,54817.952329249114,164261.735173285,68242.88823171747,16161.984004921173,33042.53774821758,109306.22485864162,126605.69000780582,93276.49749191602,7375556.087441742,12879.180120110512,22589.882875978947,248.58863313496113
662610.7216006154,7830.511976018548,23474.397978830377,40316.17593191474,187407.15090191364,50635.391652738166,13175.327742144358,34208.898924827576,108466.77501636744,127353.90618801117,68880.07436676495,6849904.244135559,11989.73338240385,19700.284616053104,325.3370020240545
637596.806749855,14932.260536402464,16157.28922472002,42483.88204999636,157968.70221817493,53518.04207574063,13413.791828122477,30331.26132416725,104756.45547735691,126330.37380516529,72422.76735118251,7117547.8948869705,12498.725858390331,22068.545773029327,250.8285045325756
580545.3646839126,15279.179298877716,13966.065790545952,39285.69919705235,134205.47966393828,49152.06224539768,13131.182408011151,28473.50734809041,101001.23080092669,121330.01662194729,66968.03060287145,6950871.719779432,12194.697613477707,21241.887858957052,185.0641794204712
620883.1998479903,15092.190652668476,14400.955202740442,43395.617546682275,143193.3807541728,54230.68602775464,12886.844204373177,30534.704478740692,104467.24652338028,126806.45020723343,74143.86179539282,7303848.213691294,12799.695500791073,22784.55529600382,195.72235901653767
618894.6235700136,14812.412035346031,13858.806347155583,44202.68146967344,141278.00575333834,55312.4018134637,12442.765586015437,30522.48383796215,104084.86834424734,126992.14977324009,75626.070363678,7323280.950067043,12847.044481933117,22895.38267850876,189.4995368719101
589530.8002888646,13712.283800035715,12886.894241899261,42747.420022433726,134066.46613323689,53731.01951869232,10918.008735250816,29200.529046177864,100738.30888915062,125169.9696034193,73308.31953350472,7222916.145750284,12693.570473313332,22069.352453649044,180.02993293851614
468555.38079908973,10090.082545414567,11541.05506151319,32864.71088876709,109546.16635933518,41238.17420663226,11428.503002202142,21517.587460383773,76511.99330884218,89991.2872928381,55907.90674614131,5146791.94408685,9059.258510291576,16765.257654190063,114.64699568971992
619415.3210557145,15034.712872236967,15071.647043627516,47531.12387462957,138195.7372226119,59706.53097130641,13944.804863898087,26610.795900136232,98588.10516315699,120787.64604985714,81144.31270569624,6876803.459196091,12044.434052884579,21486.29013955593,157.1171600073576
563182.4915742665,16727.484905660152,15792.73957418801,41242.30932089522,126784.15148496628,51454.58724805138,11717.747807212067,23803.245833665133,93201.93292248249,111216.0267329216,70158.9968633486,6399012.7775402665,11190.078222036362,19788.329367488623,142.6252039782703
608815.1977598495,23201.90560913086,21906.848690819774,52111.71952877152,128443.43372023106,65135.57414547299,12653.474410375435,22164.24244390428,92610.02469468117,107438.98808062077,89231.15708684898,6330624.603177011,11077.499957382679,19613.723981380463,156.77618250995874
479470.25223760656,20771.33932697773,17292.98611530068,35833.59627405244,108013.13705021143,44781.34172973264,10992.374077515495,18884.49559994042,75460.71757990122,84982.05411553383,60828.989641043394,4879992.670459151,8530.841048926115,16219.05147537589,123.63107955828309
688148.6036230151,28912.05827897787,26853.331938219122,48430.868023278956,161783.7652077675,60227.36507130324,13137.30001241338,25835.32181739807,102462.07433658838,126808.46089959145,82234.78003158516,7292004.1744681,12750.50347006321,23960.387403666973,189.87906516343355
618625.1547388848,26518.118300378323,23292.67145011429,46435.61803867851,142860.06844231486,57815.05613990345,10696.860231226985,23625.242748707533,90009.78220242262,114958.31639647484,79008.74288632115,6872316.6530998945,11993.067278862,21779.05277699232,150.746477086097
623743.497752062,23453.93385243416,21448.091533553634,47154.67139724798,138723.90791079402,58452.89724919165,12376.815197530952,25808.412591576576,95338.98252654076,117213.39784860611,80578.6368942092,6820983.986256003,11929.436908900738,21484.754812717438,156.6694728732109
644846.517896922,24703.9342764616,23520.790744662325,47163.977621118065,154685.4793932736,58908.596056748574,11565.802058410649,26693.972915530205,94636.85893076658,120731.2762504816,80424.03726897333,6984328.399446011,12259.45795071125,22534.252151548862,185.1123984605074
589671.86388221,22854.75935894251,22618.394821596183,43207.47819182429,138621.6579478681,54021.7700592098,10518.12314621896,25514.414637684822,86459.79423645139,113192.46690750122,73766.57063200892,6572867.523768842,11522.833271920681,20861.570135951042,166.7282823175192
611196.9654493767,23356.198564231396,23411.720753097572,44905.352398878225,141578.89824023843,56148.04672490177,11331.074900057916,26827.32302942872,89197.4311234355,117096.20264947414,76562.70676057917,6724141.8959879875,11791.85422360897,21689.404906332493,172.53277336061
578824.3304578509,22495.621144771576,22213.438106823003,40621.65948808192,136514.5573862791,50784.430179836694,11110.34043484677,26185.461037784815,86689.99288472533,112686.2692385912,69338.74860081858,6465479.595655978,11331.95399415493,20905.79418182373,163.9942383095622
630593.3029539548,24049.87348628044,24014.187116885227,45262.18292112887,147521.91817852855,56607.58634951237,13182.528417147589,27868.80146303773,93044.78311437368,119137.69302487373,77143.14059972839,6821095.735357821,11957.751167356968,22471.538829803467,175.50303262472153
592737.6148377153,22991.774192273617,22888.79142847065,40917.441016251745,141376.38441854715,51170.547794064405,12642.230593474773,26780.68736732006,89570.22614765167,113230.41188001633,69822.6276090987,6512068.501747966,11406.620575010777,21375.6129732728,164.80063569545746
654956.503593161,24678.823072612286,25114.022864508675,46804.38336551892,155078.98488041759,58555.52360504417,16143.356526791682,28840.280631899834,96771.78533899784,120757.37613260746,79744.64612933557,6925114.575987577,12133.858045756817,23199.174503087997,179.71818928420544
604371.122374433,23263.493021547794,23536.343444252052,41071.843240917966,146099.5878019929,51365.72956625977,14699.3732478758,27357.44058328867,92068.05548655987,113262.0274746418,70061.08329721529,6530477.516209304,11433.934230685234,21737.39801377058,165.7546380236745
679495.169592765,25250.481715500355,26162.409159112023,48453.03029618831,163472.71974745393,60629.420007641005,20684.485972383176,29929.044460833073,100341.53174716234,122496.30816221237,82528.52543149125,7029744.508956194,12313.544534265995,23954.728934168816,185.21473982185125
614482.6261391435,23446.496333181858,24090.53317835335,40993.98567295917,151005.83843424916,51270.77622508674,17569.958712457497,27921.344264358282,94378.46206116676,113031.91664338112,69892.39325818408,6531318.479409337,11432.749835669994,22060.007834136486,166.80168767273426
703454.3304695749,25822.915849149227,27160.495311260274,50325.575484905916,172474.82171177864,62984.79244637975,27268.69263014645,31047.468276143074,103518.71408808231,124316.12166106701,85698.49711645853,7137012.039360583,12499.244105160236,24721.438382864,191.70824230462313
621833.9310992984,23540.37292945385,24537.159732675595,40722.18270353701,155510.19423869252,50935.082263830314,21165.09020027921,28377.726401418447,96190.25078552961,112405.24955451488,69370.22048268243,6509090.422323763,11393.931022822857,22298.943317234516,167.47667022794485
723762.933705885,26338.797006368637,28005.495530533844,52264.02275036568,180845.5030926466,65423.507856966346,35021.93407104761,32052.402379453182,105930.34349370003,126010.15344381332,88992.20303908532,7235487.805907309,12670.831508874893,25405.575730204582,198.5066458284855
624834.8488536238,23526.098270893097,24812.342107844397,40255.548945021874,158774.9320756793,50356.249757660305,24755.180473261033,28637.991070091724,97221.22742968798,111346.42443537712,68492.09903075846,6460154.329903781,11311.573565244675,22406.24354481697,167.4328652843833
533967.2988739205,24122.066047549248,27016.088558411648,29703.838436027803,122871.77168492973,37250.20455667346,12483.886636647288,28003.938529342413,97797.75233137608,117420.2253317833,50607.03266198422,6829406.363571405,11947.01312583685,21214.6611687541,148.082451492548
700813.8021703673,17304.94722133875,31673.50553557879,54997.87909324368,156662.1805202663,68473.98198814181,15723.083562695909,32122.877222120762,107999.70222252607,124039.44804549217,93631.04276876611,7300154.120673776,12746.068397819996,22115.9565487504,226.53788436949253
656381.386015346,7611.357466183603,23716.857820391695,39586.81925406053,184762.54083442688,49707.36716128557,13252.005651708398,34321.89891809225,108224.73977851868,126649.9995648861,67824.997628078,6803855.648364782,11881.722315311432,19479.866696298122,322.9055069088936
646890.7021907523,14913.773055553436,16779.375562727473,42915.551271792705,161191.92451530695,54016.02434859943,13961.718284441758,31049.90049624443,105654.0312128067,127087.24691569805,73169.77320086284,7168500.02303791,12582.320166707039,22402.64128178358,255.56893867254257
583898.0539354179,15464.511428028345,14265.284885972751,39096.02765269828,135371.60260376334,48909.85115092165,14256.227376749146,28795.68645685911,101736.30179214478,121100.16006112099,66626.25931810742,6932429.704055846,12159.838616132736,21347.939536124468,185.39226592332125
625486.8475846538,15313.624534666538,14839.895131695284,43105.33590304029,145004.03348228335,53854.054955827814,14178.335373992551,30929.737808287144,105244.51489585638,126703.67800951004,73628.2969867211,7296076.757824361,12781.509535372257,22921.847070157528,196.69559092074633
624649.6678550087,15055.450996130705,14358.999432039273,43745.36772611296,143556.78736025095,54693.51654992155,13851.946963368026,31023.503316760063,105129.97135835886,126951.77945196629,74807.48408355593,7319212.918609023,12832.01532560587,23062.57528424263,190.90293698757887
598000.5480340716,14025.231845766306,13355.006479936848,42306.62799819212,136688.91714945436,53104.71292776415,11992.575673125317,29930.355835318565,102545.71189659834,125561.6477805376,72505.73482940948,7241105.758716404,12711.586450636387,22359.940857589245,182.44170208275318
463749.75989102724,9610.545091032982,11501.351827800278,31756.11800311016,109056.66507329047,39847.143356684435,11250.13003380124,21561.10097949207,76349.43404603004,88497.94334024191,54223.82490873904,5077034.21734032,8914.21015292406,16545.523998588324,114.27292392402887
620119.9383754543,14833.460511893034,15118.008388453738,47600.48751359965,138656.8207065165,59830.05771582983,14192.64764348351,26740.653232842684,98615.66127675772,120810.178322196,81271.8410587821,6876466.846321166,12039.977288424969,21506.593227535486,158.10327526926994
561903.28533809,16726.7789901793,15825.163259118814,41081.62525720584,126488.86412343383,51261.19659296498,11674.19819902629,23779.329250752926,93106.09228688478,111054.35767889023,69918.3009075732,6396420.016302168,11181.700688064098,19758.68751257658,142.12742295861244
609893.7386990022,23237.313954412937,21971.669527387654,52237.32872706552,128600.17082247138,65292.37532930073,12653.311096097012,22187.97519622743,92715.0062789321,107586.16763174534,89455.33900243216,6342207.135846257,11097.235141456127,19640.59659048915,157.00971723347902
479059.422038163,20755.69817864895,17268.551744759105,35767.600417935166,107980.55439223349,44701.39826023212,10989.34756700125,18876.152147233486,75384.2514848262,84894.95084434748,60713.54415864621,4874695.285083681,8522.807928189635,16210.246024802327,123.51627868413925
688833.9531506174,28918.63275206089,26877.116941309025,48504.40760265784,162014.4101537466,60320.68934061104,13146.966361851995,25867.679722338915,102524.0468184948,126884.38605129719,82363.43204463003,7296158.009207964,12757.883162081242,23984.529296457767,190.20408929139376
618098.6185282937,26498.45742070675,23269.143401026766,46401.98158340413,142764.52903455496,57776.57556617268,10689.708921676096,23611.314046382904,89929.0825881362,114857.86001563072,78954.57213298454,6868028.53736192,11985.656823337078,21762.224658429623,150.59690183773637
549886.7574485803,16478.36162573099,17021.805379772206,42085.97754056094,120949.34899577498,51924.77358995261,10972.566282555577,24238.122024565935,88570.45230436325,106381.28566324711,71875.98689272965,6133780.494882047,10676.585202753544,18778.802224248648,141.64815746992826
535113.5339894494,14845.10459947586,14994.749019825475,41744.0027746127,123535.93087911606,51969.30155426878,10903.605529400282,22738.08227995038,83829.33330658078,100965.65009474754,70896.57854404235,5727397.7168825865,10066.874977231026,18178.025125712156,151.09040622413158
587001.7682801588,22720.965313851833,19881.510710763963,45401.270146376395,133521.74151915312,56673.21639711133,12153.171511150977,22565.446750491858,89853.27753084898,108120.60105443001,77223.44232399407,6208152.367078066,10898.140429735184,19585.039023309946,163.46178983151913
637254.7275359927,27293.75133872032,24105.352721142808,43784.87366698176,152964.4719762802,54477.85501713478,11460.813618681845,24644.059410631657,96105.78333157301,120542.88141787052,74365.56366650586,6985097.670248747,12226.725973784924,22391.73304796219,177.12194450944662
655294.1220212074,26604.36506819725,24603.47900209431,50904.62451110373,149735.99315404892,63454.59263791294,11277.69711283036,25052.11122059822,93167.28333580494,120240.3817498684,86599.86986682253,7081098.79731673,12373.697444736958,22669.94812220335,165.77654049545527
600242.9687153711,23900.61965763569,23446.58969051842,46794.76822135439,136659.53381630778,58668.61394631671,10409.845779623989,24535.702070057392,84843.43493568897,113167.84179389477,79754.67914336268,6650535.4254812,11639.34847664833,20930.88955745101,159.40534972399473
585808.3912998671,23082.44876217842,22912.97163798813,44142.16756967407,133336.68523195386,55251.705526370846,10087.998619446089,25324.852553218603,84268.83029955626,114132.70420789719,75268.5396304515,6592848.081097901,11549.595550894737,20799.030928462744,163.54461905360222
570381.8729127805,22579.42417860031,21872.955899310145,41340.979014583645,131507.51082116365,51679.60258395002,10025.075854982291,25446.850570052862,83857.16352748871,113040.12371063232,70530.37588280602,6486395.795668483,11369.996620059013,20604.38240647316,161.52573504298925
593350.6225639291,23227.657843649387,22535.905604386367,43050.58391817567,136766.93939372897,53835.933470698445,10701.501697253552,26306.996129006147,87084.61199957132,116094.25978243351,73408.17952316531,6645752.745999336,11653.660606622696,21355.73956221342,167.13766303658485
582949.7282387646,22893.138334155083,22283.565602135695,41476.22128545212,135943.99965757132,51871.079726051874,10858.806566984566,26096.377627432346,86559.37242361903,114003.99642586708,70767.00033429489,6537902.345025182,11458.875941097736,21058.19000199437,164.01255146414042
611232.2780575121,23678.3039675951,23348.843829417267,43904.527874956984,142173.93137726188,54912.38795764277,11956.112419947875,27052.22152093053,90217.24660265446,117253.16965639591,74851.16342602024,6720709.764714241,11779.865921616554,21895.351346433163,170.153506629169
596279.7940668046,23209.815302193165,22961.470309448283,41899.487599417924,140444.87404617667,52399.45754931032,12077.716973999855,26719.05648776889,89195.49268501997,114540.69872319698,71475.34334852446,6579927.973130524,11527.637111842632,21466.933218687773,165.77496730536222
630522.8178670813,24118.964084506035,24212.152021360438,44882.033053973166,148230.69591364264,56137.581015596166,13886.178007294466,27895.807441800833,93494.9218313694,118468.71924757957,76495.66563428135,6797095.851881921,11909.618900001049,22475.948748886585,173.58593248575926
609890.5857875616,23504.461140573025,23624.08485713009,42255.55133736629,145433.2383890152,52845.3077985963,13874.973905456965,27379.993693977594,91913.2075740695,115007.17543840408,72065.82665697215,6617092.1739144325,11588.731464505196,21887.070921063423,167.68921126425266
651995.1957484902,24605.229624807835,25136.98393900399,46068.85793553506,155324.40405619144,57628.0145553775,16949.237514712517,28835.901444911957,96932.83928322792,119861.99213683605,78492.66326273099,6883045.249659121,12056.656236410141,23124.606780409813,177.76086588203907
607739.4360537443,13358.698318600655,15566.729327368754,43345.15734733688,143912.25872337818,53316.20782912421,10756.608203235106,30549.056661248207,101547.63721573353,125674.49299931526,72521.39319549067,7102884.865083098,12548.035815894604,21944.66518610716,217.97074933350086
550325.8529152169,12114.492968171835,12244.701951450115,40607.51121441812,126737.54913330078,50108.43948284749,10013.09730941313,26906.866599738598,93238.04845321178,117721.44582390785,68298.10078436648,6757432.886558592,11938.598517894745,20567.882790863514,159.33140215277672
554933.085628963,12138.409666091204,12763.52577255667,42094.81762577245,128230.76003545523,52727.78189974786,13141.944076621648,24757.557309418917,89443.23420095444,110122.5230383873,71149.31740770456,6218432.60166055,10958.052753806114,19658.869320899248,141.0610788203776
573397.4458665801,13674.96877938509,13717.228881311428,41968.16030505088,133257.96578714252,52571.256537611574,12451.57082380418,25111.30913579464,94045.7805969119,114047.21457600594,71293.67715264471,6458039.517980993,11367.482689380646,20177.209902852774,150.3320140466094
606459.6225901793,17823.745068103075,16549.640530240555,46995.34575538908,133753.43685278296,58516.11558087585,12612.07461196382,24769.1498003304,96964.54183775187,116243.70429635048,79896.03932740813,6669868.020095646,11691.628690183163,20757.05866277218,153.44502121955156
565332.088207263,21900.113034009933,20154.366535019904,47132.29122520235,122413.5480992794,58871.21187424139,12198.650454835039,21180.59547625482,87722.7686420381,100692.51866191626,80410.92006694165,5883170.0473486185,10294.902175575495,18493.58063623309,148.04896010830998
544210.1272388595,24743.57967811823,20819.628826117547,40141.05398178553,122303.26886306703,50027.604764506425,11714.197206331608,20733.845466658473,85531.41095983982,100437.23310172558,68108.14818397748,5821985.707141638,10161.624212026596,18529.02873829007,142.15851637348533
680512.602437218,28701.648561000824,26478.26847004895,48187.54088528383,159498.81429347396,59809.76068710902,12377.999597218339,25639.606990098953,100766.48893761635,125921.61256670952,81690.279803593,7279183.52547729,12716.152859389782,23835.452376902103,182.0504894182086
636911.6907712484,26638.621121764183,23828.462439751667,49485.599138580474,145237.82959121466,61710.968576449624,11097.650173075614,23971.240943193436,90814.60971730947,116598.7010294199,84192.12045604293,6966689.110977232,12160.425094783306,22190.11459082365,152.25018334388733
680595.6991698542,26564.389770269394,25378.266540217446,55379.376349362195,154660.4948450923,69470.72228236665,12473.631242299904,25463.57692089677,93538.59727191925,121392.79012441635,94337.54749410879,7158807.438518345,12521.589848876,23237.549870610237,167.9105957672
574153.1870614577,23127.721162319183,22735.54489934448,44365.18733563495,131836.3096769154,55711.462360563484,9985.806194397663,23761.73584470153,81666.52973088622,108938.99978637695,75722.76388897718,6437364.340980351,11262.771205604076,20131.75096258521,153.23828418552876
607820.8278787126,23717.725790262222,23571.689980959934,46684.35955647713,136916.84668281674,58446.59817131277,10287.769470008654,25902.921609193087,86332.22378703952,117378.62277686596,79563.56762171889,6766824.8181993365,11860.834682941437,21439.093958437443,169.20329981297255
543139.4802557582,21672.053083777428,20819.098160243066,38732.58292628625,126412.94265446067,48432.64169920145,9535.810031628762,24549.520622879267,80543.10017514229,108854.87930297852,66162.08667266452,6258627.228698432,10967.746019303799,19763.317878842354,155.00881035625935
616916.8606105333,23853.57426047325,23165.42335937027,45876.858456104994,140701.829138726,57398.7619087437,10883.83726391912,26911.100657314062,89146.31389665604,119454.43966090679,78185.86648187868,6828671.459600389,11981.589729964733,22031.668666005135,173.71596504747868
550302.5447254556,21828.147178709507,21038.089303505454,38477.52095442767,129599.60779187083,48132.9872897063,10047.741835399032,25015.19848486781,82475.717217803,109270.32589793205,65737.96615772627,6277858.771171927,11000.573836386204,20053.844830691814,156.66944996267557
639090.2825120492,13803.186639398336,21285.625383102928,41094.39028508692,158479.49334824085,50469.2090836294,13235.746972953682,32986.5177950263,106452.16202872992,127504.08221840858,68920.20877362642,7129243.542227507,12556.799471318722,22287.624427378178,252.81409953534603
638209.6626692216,12931.589746385813,19078.336737823513,43502.19504826506,153775.98129311204,53460.0643561943,14503.389432728593,32706.91965585947,106729.11641734838,126613.23597192764,73078.27248905611,7091445.034423709,12488.384587228298,21949.59500938654,254.6446818560362
602375.8549177322,15966.35635882616,14906.441679722084,42162.06295415206,137742.18533924222,52167.40531250813,14924.80559677333,29829.906931340694,103076.24734687805,122156.60286188126,71272.22653104272,7021233.824814916,12351.465289354324,22078.468822538853,186.08558454364538
622837.351004015,15369.921098828316,14938.096946501746,42300.48682823161,144785.91521173716,52762.39579814138,16668.011811942015,31223.838469147682,105503.20253121853,125775.64177811146,71902.43756607384,7227727.274596155,12677.021284222603,23007.819520533085,191.4769375398755
629322.1658355765,15033.254918336868,14786.235036361231,43270.918559970116,146875.29220178723,54085.241802073026,16020.150750473518,31579.895248293877,105858.71516543627,126739.56534743309,73760.31527813683,7297679.481195033,12801.363829433918,23292.53876209259,193.714693531394
585813.1556993774,13529.25390908122,13398.592651712905,40337.73967175362,136793.59814056754,50624.146747154184,13386.281537921992,29783.370254933834,101846.84730041027,123133.17736327648,68843.22866342361,7097809.270949423,12479.861123800278,22035.800587534904,178.18023559451103
478292.34787827363,10489.368432223797,11939.165837383276,33654.31254047149,112073.8669052422,42145.62670961536,12866.49561645039,22175.231717437506,79122.02491509914,91642.46081590652,57108.768961494614,5247713.786950856,9224.997298061848,17148.92573542893,116.52958110719919
622375.32102601,15293.95505580306,15443.46053243877,47592.33422439989,138528.55874198675,59659.8205678565,14006.345395696317,26766.428960740566,99231.66974592209,121116.65243268013,81164.72194369609,6907729.966225386,12087.664273738861,21618.212659209967,157.0115042552352
576550.789372887,19365.30265712738,18121.23195607665,45356.75804180748,127088.69510099292,56681.746182919946,12084.912823808496,22961.548827916384,92199.03637605906,108501.08350872993,77412.61917587582,6316809.136825621,11057.940283060074,19578.047140985727,147.64802573993802
546777.7415416393,22548.603111326694,20323.837475013763,45242.27411143879,117442.01518650353,56438.57316029492,11995.590306237493,20455.549026682973,85221.7287645042,97242.8923124075,77116.29970137752,5680783.547755361,9898.030652880669,17936.393066346645,140.08954993262887
565824.6897487927,25957.918471574783,22089.2106220961,41203.62946599236,126688.78179049492,51266.74233284904,11920.36552258261,21296.81399333477,88474.68436020613,105486.62536025047,69845.25595797988,6123274.941336632,10677.822842299938,19337.08130031824,146.59651235491037
675341.8043196277,28568.054642558098,26281.15263097291,48274.1461381875,157240.44873648882,59896.189414130145,12141.28111817528,25405.254247695208,99733.64957529306,125070.05697011948,81822.85757423517,7254288.283617377,12667.386390507221,23665.868016779423,176.95289530605078
645971.2431499556,26783.77079063654,24158.011533761066,50722.10226499246,146682.96576425433,63294.84360975762,11353.08372608841,24149.77616932988,91467.37885373831,117533.76686036587,86283.47731201086,7014014.059014797,12244.41183501482,22421.858228445053,153.33161406964064
675212.1612721675,26508.10258704424,25216.026621007964,54866.461090127385,153274.7216282785,68831.11936202421,12387.176374990497,25230.21105849743,92907.49018478394,120545.38891553879,93460.61317247624,7125373.973532796,12460.775523006916,23070.156326293945,165.26268773525953
584893.6265938822,23512.950888216496,23144.87960758213,45488.79940194648,133729.12198406458,57115.32064305009,10185.011754855594,23986.876962810755,82838.99117770791,110405.94851195812,77609.87086449216,6522012.123455524,11409.286745607853,20432.961311638355,154.94637914747
573947.8741394215,17686.46991378069,17098.05089402201,42066.81207032937,127898.2687689662,51958.70827743089,10924.364073278797,25537.638320684433,92535.77038812637,112830.41319191456,72055.87827005493,6553134.817299008,11404.626074314117,20066.956073194742,143.7143975570798
656626.1453627398,22228.78665649891,21268.639187407527,52699.790682497216,149998.8194090128,65780.03497535638,12527.095511861262,25973.653963536024,96415.9970830679,119417.5117701292,89941.04689658695,6898401.305970192,12109.741822779179,21908.714737594128,185.1008057296276
584993.0834336604,24657.892639517784,21260.69735364917,39904.98233338444,144594.25386682153,49912.280267533,10732.306481852424,23893.202253252268,88918.62007427216,112243.38099598885,67939.1713530739,6534705.091700673,11490.041345596313,20866.872085779905,166.76778771728277
680896.8372447869,26293.879518330097,25506.397212100077,53324.25926662888,157053.1770028472,66607.7724236772,11876.73165907592,26829.27297332883,96011.34503501654,124110.7454752922,90810.40709188508,7208896.071572959,12620.18215560913,23419.802140295506,184.73795630782843
538328.1957845523,21371.35497778654,21111.971259880098,39086.22219156663,126777.32625865936,48985.20563703039,9619.907791381054,23702.290093123913,79192.03585880995,104680.61742216349,66796.04950956708,6119749.951338768,10716.683067560196,19281.673949360847,150.80016792565584
643822.1953570988,24293.874774813652,24318.958304023785,48893.181034997266,146878.48464635015,61203.28082782234,11515.225482226875,27673.51681420207,91870.9617318511,121849.59673941135,83320.8937628213,6975634.50140053,12239.048335909843,22659.2759424448,182.2423269674182
532301.3938882713,21050.00786679983,20391.666349196465,36448.21802379873,126880.25507473946,45583.43465628933,9866.674366988544,24539.372727811337,80634.80648505688,105733.76839876175,62318.12352782056,6082387.28779155,10655.084272265434,19474.5101223886,152.58689184486866
662408.7717841159,24774.119317293167,24812.896514034313,49281.65106347606,153609.60264134407,61706.18996564495,13331.434664526252,28750.979155302048,95589.73770844936,123510.23303449154,83986.02993595006,7055208.738096237,12376.814419031143,23387.51735776663,186.75532058626413
544535.519376986,21505.27097505331,20997.561792075667,36774.930196449655,131205.8156362772,45993.03331588873,10769.265802150578,25103.884463906288,83260.11692348123,106380.68323791027,62843.73075353159,6133316.428856373,10740.876199305058,19907.22697019577,153.8652080744505
682974.3256253905,25242.106102585793,25807.150699973154,50491.39396938194,161095.07785654068,63241.04114106587,16224.09984838203,29711.338434159756,98939.69851720333,124677.77636766434,86047.4428995381,7129464.536887109,12500.204478740692,24017.34666377306,191.5070419833064
556764.7169818933,21879.32331496477,21677.781180143393,37067.98384809088,135737.3439142704,46349.73109895036,12094.85272466347,25699.490362673998,85914.04507341981,106764.48294341564,63297.691727715406,6169970.134252548,10801.588768959045,20316.337436288595,155.14042374491692
702736.1906629896,25699.14533483982,26751.723388147402,51734.508541738396,169069.16221630573,64809.82872785065,20630.31908025578,30724.10357171297,102038.3559294343,125861.51868343353,88162.70691404765,7202184.980401278,12622.11946773529,24654.839923381805,196.81158696115017
570129.4531583309,22248.95723372698,22397.142064166106,37335.186111699375,140961.4675359726,46675.738547179586,14159.214983677273,26354.101415008307,88769.25127911568,107148.68556976318,63688.831177330256,6204311.247747362,10859.698272645473,20757.977517843246,156.79734420776367
720914.4066711918,26160.671781778336,27624.914533758216,53043.56932230765,177206.07042247057,66456.1704787336,26932.373597887312,31710.845144987106,104701.68550568819,127006.50236129761,90390.07834162014,7272705.263900638,12741.012139379978,25273.281084001064,202.33169716596603
583836.6188721241,22592.247918963432,23134.689426302946,37608.74606529618,146582.2386340797,47014.085568330804,17210.065264107885,27016.597832083702,91544.48327052593,107450.618019104,64067.06264193506,6232390.997616708,10909.233040392399,21200.896875858307,158.6839198768139
570802.1910401705,19122.19724804163,18464.748036253477,43870.78109100602,125123.4060459435,54230.68602775464,11424.242355379356,24495.61211657524,90154.6562435031,109220.30894756317,74949.24624637331,6332835.232557774,11041.51572561264,19526.536145210266,144.48722719028592
590620.8084837017,20600.83924037218,18911.80401098731,44738.66369696561,139742.2289236784,55811.09432717802,11283.102815446187,24379.23618990183,89205.92996436357,111133.45143139362,76132.86216195862,6371379.341293454,11226.94394659996,20217.403471916914,172.63000567257404
637760.6647251714,25636.124202609062,22883.504320573848,45491.32592864032,153770.21562814713,56820.56724023521,11350.311466212166,25608.742057472467,94464.08046293259,120355.4762840271,77492.57298868978,6948351.106128454,12190.124499857426,22351.215636134148,182.73627047240734
607377.2716262599,24211.48982590437,23067.664929866827,45819.33584234959,140899.70107263327,57237.00972555412,10414.149482029272,24976.806917637587,87621.8335479796,115237.42709636688,78121.95890939956,6739302.675864518,11799.552594006062,21257.61422932148,166.25524849444628
594074.9280639982,23151.243860900402,23008.963508725203,44761.86168032643,136167.23226100206,56028.62282803891,10376.396231636689,25553.07190337777,85513.58338403702,114598.99706602097,76325.8848458339,6625047.2988753915,11611.505530893803,20997.051512002945,166.074698202312
574206.2610707089,22549.578728735447,22070.409688758886,41498.04016035561,133074.1250140369,51886.15165760496,10260.062274752021,25617.583787828684,84573.4589253664,112997.32021689415,70807.32280140056,6487869.4727240205,11372.417865812778,20676.944157332182,162.91047834604979
599202.2043262575,23320.52911621332,22799.062811541597,43293.65040467236,138663.7193223536,54135.41549163642,11086.552225519088,26588.72134438157,88166.32272604108,116430.18232107162,73818.80906633657,6665408.297793984,11687.394763946533,21522.873642146587,168.59064918756485
587501.3762915566,22971.46290099621,22498.792508912124,41553.462391930494,137629.58745256066,51965.65726017028,11267.52189094693,26340.005255669355,87541.22934120893,114161.21770322323,70896.19302054177,6548498.936535418,11476.370122015476,21199.30302321911,164.88850523531437
618862.1135498254,23844.80464822054,23676.0691654921,44275.27360154213,144577.9292832017,55377.071656799235,12633.314376210463,27388.941108316183,91536.62350851297,117747.00195848942,75475.29541365817,6750594.114641249,11830.978305101395,22124.620318114758,171.6536197513342
601468.014939467,23318.351175427437,23213.38717548851,42020.30577493114,142374.5324843228,52551.211196184224,12710.734252234888,26972.70027822256,90258.11736512184,114696.58214688301,71676.23165211265,6592829.873504937,11548.708536446095,21625.990738123655,166.53791104257107
639227.1655783732,24315.7511190176,24586.131813955348,45365.48228190857,151035.5703676641,56745.10242544988,14968.043794323657,28269.9332049191,94898.5147999525,119039.2121297121,77309.4352213993,6832187.800991595,11969.694901704788,22736.481227874756,175.2755310088396
615072.3373530456,23609.45414674282,23880.974621009867,42353.7107609255,147513.06556645036,52969.37239541809,14809.054374927586,27638.161800831556,92968.32383412123,115107.74135112762,72225.3769681361,6627650.07428962,11605.736190140247,22046.009438037872,168.3931603729725
661457.1764015241,24821.635324776173,25535.676003480003,46657.378678617846,158531.75586742163,58367.6131821901,18653.087958131586,29249.01864349842,98345.88213908672,120512.13425457478,79483.38343510582,6922435.3286828995,12124.478725790977,23411.965535581112,179.76333067566156
628109.8363542914,23865.505248367786,24521.09452157025,42586.61321809165,152984.25504150987,53264.42575432245,17841.885151747025,28296.65562313795,95554.02803826332,115328.70235860348,72594.87773590477,6652459.512867689,11646.259222388268,22448.582084476948,170.22401762008667
684448.276691552,25355.402801156044,26496.101636409807,48213.112314299724,166773.64779651165,60321.999493645504,24169.851706663372,30281.641950190067,101588.01125335693,122127.50258862972,82103.48107060345,7019829.791802466,12292.915236473083,24124.75126236677,185.03457900881767
645565.7787386861,17153.157412827015,23635.691078400654,40376.40711468035,156464.9736789763,49319.54807199862,13116.049855439927,33060.58738160133,107602.10427302122,128549.4270926714,67643.31967843299,7253252.72676754,12755.970697402954,23084.64633911848,239.0597443729639
665576.4435213031,12777.843230843544,23694.840772557298,44951.78146420284,163718.5058708787,55090.60152415621,14920.20087645941,33718.95989060402,108887.85230118036,128442.16408789158,75417.82890454229,7172409.193247318,12612.12014478445,21969.861518740654,282.3868658095598
602114.583656349,15797.60581690073,15468.387165403383,42214.038793692074,138447.77521663904,52074.47064133952,13883.727179611666,29589.295762121677,102909.82332247496,121741.0897654295,71201.46181191009,6969513.791430712,12262.89754742384,21739.97997701168,196.49505500495434
612733.9280345524,15538.53952589631,14845.620737183108,41515.89685666117,141546.16192293167,51697.35515756706,16073.218240572069,30625.430456340313,104730.67121762037,124584.43955898285,70500.34266181017,7156411.091689348,12550.888539552689,22602.72733837366,188.01937118917704
634163.4496752678,15369.046326488256,15093.449730378405,43607.14106454282,147715.827077806,54443.749664984905,16228.386105853026,31648.490106880665,106191.85398000479,126986.669267416,74336.7669416155,7311928.28825897,12818.467550456524,23349.915506243706,195.64726591855288
626857.0795418672,14914.260082513094,14557.39236043693,43284.134556316756,145689.06053069234,54163.47517708645,15559.065548199644,31479.592217981815,105663.88696062565,126740.46898543835,73895.53529520975,7300252.896865606,12806.533676207066,23247.67288327217,191.51658803969622
539794.1010878152,11902.440022796392,12741.05085084439,37046.0905013307,126197.05588431656,46569.64718132801,12254.226303782654,27282.170515984297,95707.15558665991,113925.89237213135,63745.30096715198,6617907.418889403,11603.478227615356,20014.898348897696,152.5101339146495
520929.7765177751,11932.02515166998,12821.531742104897,38239.89505079517,121394.34870545566,48035.118858031594,14331.058721460555,23689.901251077652,85643.29823094606,102324.86248135567,64710.33211017157,5819634.993092507,10238.201285541058,18646.263720542192,129.46152823790908
601746.9658598173,15690.14796963334,15266.673385822789,44932.78700341997,134377.2891409397,56172.96204306908,13161.771914697554,25877.674301207066,97729.6919413209,118696.87415242195,76472.31560421312,6780644.153664231,11869.760043978691,21099.236584603786,150.08853996917605
602623.743821667,21258.131763219833,20024.06362427476,49613.9031148001,129758.24384820461,61995.4579645708,12504.231884050747,23011.3081215322,93840.7665039897,110159.26316022873,84837.54321407533,6448229.949676633,11289.628141522408,19960.92536777258,154.2236968576908
505927.9611404709,21418.886620163918,18594.349211204077,40010.26347301733,111604.66929140687,49931.491248343664,11507.766102559868,19516.081312805414,79580.27781414986,89870.19588828087,67967.68598759799,5196130.879501164,9063.946592658758,16898.36995460093,130.33193765953183
628987.3967052766,27699.301736831665,24680.918514561698,44935.06115326611,142000.06699341536,55865.393274914415,12524.666211969707,23290.438869565725,96262.16685074568,117756.63294017315,76246.95596135074,6808893.006553233,11885.973200917244,21591.39564961195,165.7274355813861
648610.4168649887,27817.944005787373,24973.333565759705,47159.98096480871,149804.44723832607,58542.49792566465,11391.23579737228,24514.143281906843,95528.1832023263,120870.73380410671,80007.37099196383,7094380.0984095335,12383.391499042511,22807.91977107525,163.02852869778872
676496.8675871905,27145.923412442207,25148.06787333493,54307.662892517066,153403.03863495588,67907.10980006804,12240.736173216035,24998.222809135914,94217.32936787605,121125.61839938164,92405.66102370105,7171571.416376054,12529.323715627193,23249.979775249958,161.63691223412752
636098.5198783515,25526.12021279335,24103.245419025465,51016.671556828296,144549.38075596094,64034.897342361146,11360.317063947325,24293.76985105872,88378.45906573534,115473.79689216614,86935.85359757187,6876533.759225309,12023.607553124428,21886.390070915222,156.78986773639917
631250.1595040933,11613.346526280046,19307.076073551205,41714.64293466451,159097.06165787578,51417.766776126125,12894.825447393512,32710.83889424801,105289.14138275385,126448.33572745323,69987.36838300206,7015432.430506706,12380.412960529327,21582.76309400797,262.59045262634754
613660.1599962215,14422.082988649607,15548.019514948146,42946.83772625579,142529.77427488565,52948.90642591125,13281.680969604444,31122.689966976643,103813.84133684635,124922.55273520947,72327.02353011644,7097645.175017834,12502.96057343483,22272.599878907204,210.34179308265448
611409.284841281,15373.22162503004,14412.400129514946,42434.69338864862,140430.0218400061,52738.59583393893,14987.694956043815,30550.156667768955,103999.01369529963,124720.44294655323,71858.14702781594,7162015.161208808,12585.615805983543,22682.96230942011,186.26458455622196
622129.1370297429,14769.495032042265,14354.831261068595,43148.55302476777,144882.73893627524,53934.65867350229,14822.166284472127,31151.63993561268,104919.76588505507,126453.70278954506,73414.32439164395,7272627.88163054,12768.721776604652,23101.975828707218,192.63459925353527
579713.0544508259,13297.106215715408,13061.038183689127,40739.80081407945,135322.70682927966,51131.34146450797,12327.201804421064,29210.140334546566,100272.30526524782,122658.39578449726,69418.90692914807,7072660.943547308,12454.860252797604,21832.4497666955,177.26352398097515
484418.3789040622,10985.49372778833,12003.328403881198,34848.27155008318,112522.5888401568,43635.680132628135,12826.917514580828,22192.49020946026,79587.78169098496,93587.95627862215,59016.88344166123,5351579.114812434,9417.502506047487,17383.786115795374,117.22872473113239
619945.1503071436,15394.980707526207,15352.298419404045,47355.287546319465,137858.64076310396,59328.12429724078,13708.63608586945,26592.757430553436,98993.73551684618,120878.14676523209,80742.43266538554,6895745.728536367,12069.38444018364,21545.48606067896,155.9297680556774
579751.0061626118,19779.839992523193,18493.80548410418,46229.493730428425,127494.68139511347,57799.49979650472,12176.856535548199,22823.19435417652,92008.29706478119,108029.8265093565,78938.85499807703,6295843.093527377,11029.315628707409,19540.15509903431,149.4300835467875
534887.7972077475,22296.05891650915,19868.104414987592,43746.74407635338,115646.37979100645,54564.56818527524,11853.353220119556,20173.038623973727,83698.35544589162,95210.04321992397,74497.3492333694,5544448.505563319,9658.029153883457,17627.94405117631,137.28822150081396
599014.3959014418,27086.92357504368,23489.78728919033,42577.55247552696,135621.6132120192,52961.9424486042,12234.121202602242,22390.442262470722,92743.93444347382,112675.51555514336,72157.42374965402,6526608.175109506,11397.234550178051,20637.94012516737,156.7923268005252
667314.7720504893,28233.986981511116,25783.03472895627,48582.53409676583,154235.63826802373,60291.26950944496,11799.52112226293,25096.574407041073,97992.51995998621,123556.75278842449,82390.3904806335,7207456.3061593175,12581.781805336475,23375.253276228905,170.41660358011723
657166.7645777658,26847.733143508434,24494.043130373997,52251.04809799908,148939.4048460722,65289.35508177917,11700.002226186065,24430.29941546917,92202.67094808817,118663.43563437462,88897.90022964028,7065092.729936838,12338.689362704754,22695.90529024601,155.91608282923698
657442.9596199681,26020.031216442585,24802.428431415603,53139.02017685666,148904.28795588017,66680.24457311012,11847.452007136239,24869.076238423586,90769.90448135138,118452.2659945488,90526.93448281745,7016925.9083195925,12270.719760656357,22513.79153162241,162.12117221951485
586848.0930410508,23447.948814868927,23333.968427062075,45537.44055723665,133542.67129579186,57141.89606302292,10149.66887474502,24323.18125680089,83153.45283526182,111580.55665135384,77675.05254512561,6553507.61776495,11466.222897589207,20529.211868047714,157.57450011372566
586969.5735511146,23201.037872493267,22871.646731257475,44160.236648682054,133147.78975495696,55241.25188426425,10057.436579251964,25462.90486007929,84505.23649397492,114819.62165415287,75282.22571472185,6619382.916704237,11598.084359407425,20905.958054065704,163.8136116489768
505418.51487763325,22716.62194019556,25510.17750821118,29088.687108633894,115714.76507259905,36817.632536003235,13310.08206495997,25852.889174580574,90817.30838704109,108489.05064940453,49651.10363478304,6321206.270526469,11062.819059729576,19634.423581659794,133.3064124621451
438114.6806153817,17409.806549161673,19211.95072432759,25961.209077634725,96740.9426846765,32952.00101146619,15853.105483125379,20150.08808197081,71190.06364318728,81355.66873967648,44053.51867574444,4586301.35101065,8036.132503032684,15582.534621208906,99.91964250151068
675880.8120465841,16527.811669647694,30941.82761731154,54624.841288402444,148645.34217232466,67983.18142257459,14979.628715364937,30161.428653001785,103852.27087843418,118882.10429608822,92273.80258349288,7084792.890334249,12372.883395016193,21361.600433439016,196.2554795369506
653566.8637144128,7123.218279227614,24035.64417257313,40130.61964719734,181829.02370768785,50577.72423259474,14106.37093720511,34406.06504625082,107648.62679499388,125037.53382563591,69024.33302932385,6730414.639359057,11692.820973277092,19194.98650878668,317.1308759301901
674208.9749164466,14545.081920921803,18634.022071278123,43473.657156957444,174097.28075027466,54988.28374382102,15807.087231153702,32746.39485603571,107742.77735459805,129300.2681261301,74337.34052536025,7290558.946776569,12775.384047865868,23201.01123780012,276.57762464880943
591001.0729583454,15827.420778721571,14951.456809014097,38550.565433870375,138970.89578777552,48337.10913247634,16813.960586205947,29272.179809212685,102895.7090677619,120706.03306412697,65730.45550172425,6888227.1306167245,12076.809883058071,21477.7946318686,190.67432039231062
630637.2335200281,15787.958305329084,15626.138768506065,42461.471537564685,147578.35931408405,53051.52588622148,16961.16168405034,31371.02053242922,106161.89602005482,126158.3696359396,72501.3107121651,7262405.9113455415,12716.711729764938,23033.710359334946,198.07261337339878
637758.772978307,15684.072249680758,15429.46177614333,43477.779312136416,148341.81224918365,54280.74421698472,17366.1269038944,31854.789705991745,106749.62449002266,126981.66209578514,74267.43853259782,7318052.184557557,12818.89429551363,23405.672061145306,194.6771880313754
643203.7342618377,15512.079812407494,15377.979156506077,44119.010959566964,149772.72461390495,55148.24480990163,17754.81562888064,32197.475228607655,107087.33983653784,127554.84242081642,75393.41398334136,7346481.065021992,12872.18260550499,23655.179254710674,195.7672483921051
631647.9401534075,15013.243817031384,14879.764198493973,43050.84732789102,146912.14750647545,53911.22417304103,16803.16254305162,31897.207684099674,106446.71925711632,127029.24978554249,73646.80681625471,7315363.605861485,12821.326978981495,23399.425407350063,191.88397374749184
512061.1737978743,10851.386593937874,12664.203798896082,34094.77219957487,119171.55413638055,42904.44062695255,12436.67953096245,25805.533819437027,92231.80204290152,104850.80844759941,59374.527011034224,6133442.744032562,10622.27065372467,18510.845747441053,133.76689513027668
556030.5440367598,12400.976609945297,13677.360512757312,40728.039777155296,130585.009013623,51273.893010200314,15549.824929391372,25212.33185914159,91119.45944625139,109435.1126986742,69003.98256015033,6202217.829746306,10893.08811533451,19758.877233713865,143.38096526265144
577537.0317489768,15320.18649983406,14805.585488176359,41957.77699747561,130887.66284924746,52413.46067180897,12734.108237165477,25104.565455764532,95502.83812004328,115312.15522110462,71275.86079526153,6583591.79602474,11535.032580018044,20451.517892181873,145.0050167441368
622140.183897235,21694.967584967613,20620.806477308302,51615.14946297304,132498.12269955873,64459.89374788667,12679.079491050583,23588.00254148245,96127.41509276628,113337.55361735821,88343.10840478528,6632680.149440885,11604.545090258121,20500.13429939747,158.12814847379923
495578.4884654138,20805.956546604633,17970.203749954722,38604.3865205263,110533.06059934199,48228.019929615635,11389.13461071283,19314.543074801564,77950.0692795515,87820.43194413185,65523.445837187945,5062434.345124543,8847.568508923054,16645.0471226871,128.32920557633042
603066.2140712902,13990.8210067451,15251.416741931454,43241.54079161199,140879.63362297416,53214.36756509236,10574.270409556651,29942.263889670372,100568.85605472326,125092.52274096012,72482.72565853382,7099493.473298609,12527.247967720032,21954.61944937706,203.88060209155083
499003.7355511287,10519.836932629347,11956.436393180495,36139.037077857436,115341.00595591962,44567.61612044285,10401.0952892354,23382.062416762114,82828.47060608864,99876.13062232733,61073.27754748267,5716042.323935568,10014.651755064726,17937.44214132428,125.13197927549481
632950.8399351881,14780.285454392433,14753.689856874957,49619.51884443837,141478.0472652316,61987.75564383659,13997.82150386904,27022.238528579473,99181.16736757755,121505.79964101315,84238.62775442912,6896733.718049586,12110.78541558981,21827.9169434309,161.1538817808032
557142.4474499347,17670.394897133112,16645.3866188884,43087.811571872946,126083.50622716546,53881.17339975572,11873.513625453343,22606.042052030563,89699.73503547907,105020.14864504337,73372.07900854154,6053941.337708712,10634.012847661972,18977.103731632233,147.95220128074288
566141.8025750249,22835.254828214645,20764.336933219463,47079.23692284871,120959.8322314769,58694.03781072767,12055.593085636836,20980.19892296195,87867.30042758584,100947.10986822844,80358.07043682042,5900417.872568667,10284.712158322334,18428.0200342834,146.27356163039804
610088.1448829437,27567.302577614784,23725.72412996296,41275.72373970796,144026.18220844865,51423.64177815437,12213.88136714213,23206.38810068369,94087.48731094599,115954.89611327648,69856.36796765798,6700369.379829228,11745.900643587112,21489.90898489952,164.27577060461044
679130.9966439186,28016.222609221935,25842.79189589028,51416.166178315034,156141.4909773171,63911.97740555895,11879.47533895344,25428.997419565916,97941.8207089901,124097.55470752716,87325.01136236364,7259229.596752942,12673.795454442501,23607.373429834843,171.30408898741007
640198.1455276002,26110.819921076298,23916.640953731578,50971.77330189133,145598.4978504479,63813.63662923759,11378.554814821486,24135.96654754877,89639.21941119432,116087.42186367512,86787.10264593006,6933829.867954791,12116.362287223339,22126.42291277647,153.93075511604548
637719.6068117442,25017.127790033817,24704.432598757787,51046.82438413946,143826.60396796465,64073.44687151478,11117.522922578086,25131.386859685183,88428.81000357866,117439.8119789362,86989.52128975528,6901613.580558896,12077.051652669907,21919.61224168539,165.79227239638567
558329.2967357993,22325.083534419537,22138.494120454823,41722.412831713125,128176.62149640918,52261.98112274096,9653.885698175938,24275.65621188283,80829.32423684001,109366.33841395378,71224.86120779243,6361731.365376651,11135.631547689438,19906.514418572187,155.4152203425765
598763.5058929133,23456.164951860905,22826.45913555626,44762.71534846153,135870.1789638996,55969.122917532804,10279.93057022872,26136.408784896135,86406.39783012867,117193.42392802238,76286.47917241862,6718234.897640586,11782.510399997234,21407.29591548443,168.30184661597013
554891.5022302956,22035.145362734795,21158.624470937284,39421.86547058725,129348.04682978988,49301.411071899114,9870.21698773949,25067.88790410757,82440.01511964202,110687.97354221344,67317.68866412588,6350089.6580302715,11130.800099492073,20185.835142731667,158.13118793815374
615633.7891384796,23826.346091926098,23248.24494099621,45233.59951924216,141322.68162983656,56587.93922565207,11227.083048596312,26980.86399373412,89611.76021951437,118852.76931166649,77097.60886385888,6798779.143851459,11924.659099638462,22008.733380138874,172.71709625422955
564219.8811803937,22277.953708827496,21650.689290761984,39484.08670685679,132887.88532066345,49384.99711161257,10571.63473980418,25544.71840324998,84584.80030450225,110937.15465605259,67423.93800058257,6374287.776674569,11168.328422665596,20492.55472049117,159.38478370010853
636577.0384154462,24301.18408793211,24179.13343205456,46411.14437999466,147619.46662467718,58068.49490110775,12823.03842929945,27873.56989455223,93058.1553106308,120284.15147125721,79088.71550515952,6886011.494147897,12072.70256048441,22632.833985686302,176.90358419716358
482466.0085591291,21039.568447828293,23553.865193533937,28431.441943351005,110001.64242444932,36186.373221827664,14494.195581190963,23979.468664497137,84020.95097276568,99295.7544440031,48460.51656102122,5724979.407144576,10032.233099251986,18272.310678362846,122.21332217380404
449635.5474715192,19819.58389401436,20701.908980798755,26467.19397209432,100622.4295059964,33657.19519198223,16192.704905367946,21654.65325936675,74332.93562415242,88004.94621872902,44754.970457401265,5039920.884019256,8865.227550685406,16892.006249204278,104.30556760914624
563602.9147987044,26475.230221629143,28404.612127709443,28675.724803507066,132805.04688847065,35405.33755752889,13508.661463627672,31483.00834107399,104463.94512045383,127485.20752847195,47809.23807713561,7323276.853358626,12850.16382265091,24096.577917337418,168.12266331911087
435751.99387879536,20195.57965129614,18481.02621195319,24785.002469251514,96305.31906083226,31221.047293468942,15568.712225691084,20457.582699090242,72565.46671967208,83663.798828125,41967.12308409335,4701020.737126723,8268.85853125155,16062.61591181159,98.43903865478933
614350.7410213253,17012.58954975009,29318.861450624525,49984.38129434452,129589.31032341719,61572.06132485578,15026.109443679605,27846.586243391037,98502.7290661931,110109.05844092369,83259.45918255317,6668620.799977601,11687.073719143867,20244.56236973405,151.6383422240615
694593.0845430357,10508.332777351141,30989.834724593224,51254.04922093848,170568.74883389473,64397.24429844113,16133.824911632766,32985.081385970116,108191.75300854445,122815.14763951302,87756.85410107861,7050760.850730002,12231.848097682,20471.98729097843,278.18075117468834
707430.3619903496,9007.50760601461,23966.483047747653,45293.5907371362,201138.7631624341,57226.04581331831,16391.111710536858,34739.54564285278,110202.5133498311,130207.20382332802,77338.90896316872,7152968.491049647,12537.474861741066,21418.36607068777,329.0056813210249
636214.383535071,15054.040728658438,16324.479697942752,39984.55275404725,161358.38114345074,50849.58271113231,16006.884434702102,30292.996280014515,105331.03285419941,125869.35412466526,68402.80802682089,7053269.401850641,12362.388700723648,21985.24307459593,252.41779309511185
594253.6747877843,15609.967540830374,14661.999521821752,39619.53584399387,139461.5919471085,49705.00716193796,14314.26184792467,29108.22971689701,102543.62807530165,122314.9781358242,67694.40624376501,7016046.026389599,12296.907787501812,21597.70863264799,193.66964378207922
623497.0334970003,15383.593813955784,14782.75987312795,42893.99718571303,144516.30042523146,53589.86432031302,14203.064125096429,30804.054248631,105126.3428439498,126453.94923627377,73284.53226336875,7286058.712580562,12764.405814349651,22851.406391859055,195.1447309628129
630102.196125997,15172.308541893959,14535.381247681393,44176.57080925073,145131.50192251801,55207.02586012436,14135.790519787897,31211.053684294224,105513.61558008194,127283.14077019691,75508.84771197329,7336911.381754935,12861.258405327797,23200.93320339918,193.27558257430792
623852.4016487126,14693.980055719614,14014.83677738906,44269.751651278966,143176.31310155988,55468.55309243093,13268.383104483788,30999.225770950317,104787.21607196331,127259.18458342552,75761.98150214826,7333448.069978237,12865.571606755257,23124.385357797146,190.84475950151682
526163.6328641785,11425.419786408544,12277.349598327286,37190.825175711005,121439.54518893361,46858.88759808471,10640.406011279621,26021.727523207664,92147.0710824728,111831.59980714321,64403.83152420385,6524462.410278678,11424.064272224903,19315.822778642178,145.851079903543
533488.8854338737,12388.093456983566,12932.211187407383,39671.00417162158,123693.21152256429,49934.76318315869,14053.804896175083,23921.97508957982,86931.34966912866,105720.74975252151,67162.65414957533,5989277.2988913655,10545.245537340641,19039.36396613717,133.8537756986916
577245.4925377632,14889.67108413577,14420.367100077881,42176.902161152975,131562.99330598116,52838.44156236436,12850.140062635062,25086.6095983088,94957.20708060265,115196.33699417114,71712.04067335794,6553010.322882116,11500.293875873089,20383.903522342443,146.68682950362563
477222.89783377474,20561.14068007469,22988.203301119844,28247.53507234858,108735.31296142936,35987.26874801397,14869.880777926523,23533.525425583124,82338.93918591738,96983.66751641035,48109.77715336276,5566624.5572114885,9760.00879880786,17954.39316406846,119.85969042219222
464861.74504635064,21139.981993436813,22687.97768614296,27348.74699063724,104788.31967750937,34784.88140325957,15506.667646642629,23141.053816229105,78974.09177589417,95116.32109373808,46255.754088617236,5534752.393322617,9737.244592517614,17957.059502005577,110.86040350422263
576761.5673414203,27239.295001626015,28675.53940045839,28965.024521927426,134442.0508144796,35789.0089781304,13251.447784980057,32142.346890985966,105989.80812090635,129289.97212946415,48558.38076134045,7431936.126650214,13031.112009346485,24549.871948957443,170.0686765536666
587789.949430526,28575.49059832096,28515.53665685659,31116.632996540822,130203.93387815356,39661.82565773015,15914.850900109264,30639.19170165062,104734.91760927439,127531.48865938187,53808.84177091498,7425291.720787764,13051.839513719082,23867.51378595829,146.04753774404526
476281.6486716882,20207.859297335148,21164.83465815786,30811.054281890087,101074.29572359473,38726.87459405059,15920.548341413367,22217.61136649549,83216.58535140753,91847.3851826787,52124.440231097615,5284874.68760854,9281.980384111404,17005.98768465221,103.49496995843947
689588.1996319232,16612.630189865828,31452.46504449851,55863.97299553412,148253.43749430776,69193.23531743759,14476.945881701266,31061.8919069767,106326.73597681522,120909.5002657175,94715.3793306947,7194636.339953244,12540.280651330948,21504.677970707417,200.26778631657362
653615.9790681885,7204.153873428702,23593.447281813664,39392.48356490374,183396.660767138,49488.1578719923,13631.61855684005,34629.015082359314,108243.42450755835,126002.87739753723,67646.62718797754,6779076.93509984,11810.60931390524,19355.639831721783,320.452185690403
651676.8217576817,15226.79536703229,17346.193748152276,43653.97007132006,161377.62754774094,54818.36034302173,15021.140235589748,31552.103337943554,106243.23774206638,126944.17089819908,74491.7685456233,7191997.376947999,12625.257345438004,22635.572993159294,251.5429466664791
589134.0822874806,15631.849357247353,14657.968905031696,39086.4718101974,136763.43963050842,48862.871821322566,15906.596848010202,29318.941250145435,102777.10692483187,121060.43910741806,66602.72357854806,6934914.585305631,12159.866618812084,21552.415515482426,184.78779435902834
633033.63305413,15604.730632960796,15442.469723391549,43049.89022662163,147552.2830966413,53750.02708100553,16106.797883228888,31472.285138130188,106224.64387732744,126770.13647735119,73511.36347764183,7299480.439734101,12781.831763386726,23147.94784516096,198.21278002858162
635665.1697170067,15495.05810290575,15145.91547837259,43687.74581654863,147266.6235240996,54545.48132422574,16275.445857518469,31716.46276962757,106466.99411141872,127130.9031933546,74651.76549986718,7327770.487302184,12837.554334461689,23361.584575474262,193.82364840060472
638359.7646086969,15186.051614046097,14949.42072784306,44176.18327977421,148029.4709955752,55265.88793296896,16127.68503710166,31933.799646615982,106568.37141174078,127628.22486817837,75544.86359948717,7350305.569924116,12881.782002866268,23535.041392743587,194.85521816462278
616683.1948404307,14312.094633728266,14019.88089617492,42900.279024736185,142340.38800540566,53849.290136107724,13718.231913233292,31069.0575786829,104787.67342227697,126753.50719094276,73517.52480139185,7300296.139898896,12804.66104632616,22961.347108483315,189.5453732162714
467000.0379079599,9280.406088069081,11618.079293021565,31489.347400448813,110378.0687918663,39613.097446218606,11085.639892572803,22196.87348984182,78485.32967346907,89687.46737450361,54275.892913470394,5182728.725510061,9050.21975812316,16606.812460944057,116.9899492226541
610257.421194958,14275.5027269423,14842.363426256194,46540.049647501684,138165.95483389497,58568.64237424456,14693.908900587265,26557.01466116309,97372.38928037882,119255.50629675388,79306.24008809865,6773887.315915227,11872.055869281292,21254.952280819416,157.32242313027382
566038.1184984262,24953.95499932766,27757.93012466436,30826.85679614845,130412.3463833332,38280.649399652764,12229.101886722412,29866.84273892641,102860.21141427755,123491.65173351765,52303.20677308738,7137294.712241352,12493.107968747616,22600.090751051903,162.7471415027976
714216.945479132,17152.591429650784,31862.0748610974,54821.458022947656,164873.92311298847,68240.30585113111,16195.841281851312,33122.58071255684,109413.51136732101,126822.62963056564,93268.45321497113,7381679.98374033,12890.676205992699,22631.330848038197,250.58800500631332
663804.0635485577,7872.3919949531555,23442.292693424264,40481.32141146359,187744.66017752886,50841.43562792061,13181.875902371523,34191.36878031492,108511.61654877663,127465.65999984741,69132.82028268631,6859780.952938974,12010.214778721333,19745.453365892172,325.53201650083065
636080.2797017947,14939.28998491168,16071.405142402666,42428.001954413645,157409.89598798752,53451.08118848034,13329.417362018903,30222.823604226112,104607.7439339757,126200.28122723103,72327.498382233,7109841.07597506,12486.198011815548,22017.7600094676,249.92680695652962
580029.910373163,15247.653097867966,13919.251284992706,39318.48060508319,134014.71275392175,49192.44081714285,12971.770969672878,28427.516209423542,100888.10474652052,121372.4602252245,67026.3316293209,6954286.32624495,12201.11574870348,21227.58171468973,184.96476297080517
619936.7191884023,15045.654953062534,14324.985495096458,43426.41993407683,142859.70149466395,54272.97294082765,12689.321894489458,30465.021521687508,104320.68240630627,126816.00295186043,74200.7476685048,7304649.347781718,12801.909290075302,22757.61782079935,195.5289253666997
616424.6327473966,14725.335054636002,13736.536740207683,44160.326290731784,140540.4776697755,55274.55390573773,12160.788637564187,30379.371352255344,103772.23457354307,126921.29438281059,75565.4021289049,7319629.872487903,12842.457958579063,22825.676499009132,188.87690488994122
570963.0946206924,13120.428000599146,12598.628858190783,41399.51113572982,130062.82415899634,52084.074407859276,10575.897613639854,28253.801512539387,98384.52672618628,122678.8313037157,71126.91002961027,7093949.261241019,12471.38893288374,21352.880576848984,171.25167731940746
483510.1886023035,10998.51720392704,11866.102747330075,34925.44921757251,112201.15416507423,43809.128879421485,12258.191871397834,21985.580694690347,78921.28144431114,94002.14716881514,59182.51280021836,5359825.333665907,9441.687355309725,17349.20760959387,117.57630046270788
613138.7385086343,15266.238296806812,15044.320893192307,46657.43935938997,136902.44857436419,58529.14126025536,13672.434135537487,26310.20013988018,98193.83284705877,120049.03346836567,79555.36349356646,6837605.01508826,11979.760090112686,21342.87217721343,154.60773852467537
579737.016577775,18460.533208727837,17236.153894877454,44430.72532774438,128056.49659603834,55447.761308551046,12028.689285279404,23611.30511534214,93853.49356371164,111488.87455642223,75724.7878873552,6451288.825294614,11282.783655643463,19950.653602033854,146.67425925657153
569657.9878009034,22779.699358046055,20935.751087856326,47895.142310159834,121530.05970729887,59808.86081884061,12258.23752516203,21072.793720841408,88033.6699334085,101104.0123295784,81788.9785212458,5931395.816048086,10354.535853266716,18558.63206371665,146.36824705451727
510497.4173041778,23137.485153853893,19341.001682555703,38709.32977858714,113198.79309098423,48220.32967608042,11371.375296440689,19636.64664185047,80507.38899055123,92136.98747187853,65685.48559583425,5332812.434946805,9284.441070258617,17218.99599418044,130.83033344522119
680705.7474565831,28897.83677905798,26685.175094509174,47369.748877603066,159991.31308314204,58819.31947076305,12725.026107441043,25595.853821396828,101491.26197475195,126219.7583425045,80291.62405104483,7272222.535092175,12708.56886613369,23834.966612756252,184.87325829267502
632698.5136003366,26763.984831809998,23802.395573401493,48430.19226013486,144634.99881660938,60305.88116355041,10945.13300988412,23906.909168064594,91056.28452676535,116601.96742653847,82373.33811799232,6961142.167780697,12146.346057534218,22138.168065547943,152.0419571250677
626446.9675055852,11322.247072815895,18602.349697506455,41903.69112199588,157606.76340270042,51654.720019608576,12532.553549279946,32457.684078276157,104742.01713997126,126046.91703677177,70275.48608010099,6990765.011153758,12347.404900848866,21422.022470086813,261.3815094977617
608297.4079591437,14820.65475165844,14659.714865583195,43281.903158832785,139646.30422088504,53384.627123578124,12467.23080726095,30556.146419107914,102865.87528902292,124842.12112903595,72931.71243925902,7129316.600194275,12560.28205806017,22379.28753644228,198.7443197220564
609076.1537300885,14852.476452171803,13927.658149635803,42590.11753268173,140020.0174691081,53031.26161132653,13779.211980121476,30431.019560992718,103494.94398701191,125382.39494800568,72155.40915428821,7196831.265285075,12650.312249779701,22712.41151690483,186.44526467472315
606074.3134572305,14035.352312892675,13478.098618990192,43084.37207538035,140744.62899535894,53965.90754725991,12501.033522375343,30220.754579782486,102664.44427835941,125850.15475094318,73296.17084173055,7240820.582291603,12734.970265507698,22679.267380535603,189.22967367619276
473193.66969052627,9611.378040030599,11623.070868903404,32655.2643082433,111996.64506553113,41048.19598303497,10913.193933387833,22368.512836128473,78817.4583798945,92009.51974719763,56038.15139437908,5320991.61040464,9329.60426479578,16947.81523346901,119.78420784510672
611867.0408726664,14248.086939662695,14633.752037674203,46907.344844726584,138183.76555550098,58990.68059212911,14375.56928570733,26535.13286703825,97334.59881770611,119476.46730422974,79938.3904943979,6787399.398248851,11899.63811403513,21280.796298980713,156.92605559527874
551067.172459616,15133.893606424332,14643.0910588205,39180.471842649305,126767.57003799081,48929.091437787036,11560.937519926509,23931.33035477996,92306.24110686779,110405.01357913017,66606.55530602326,6316231.728533745,11063.681621134281,19562.67533943057,141.89727899432182
632045.7208027216,23121.163887619972,22111.857486534154,54257.245445533845,133291.60571303964,67829.93144302447,12902.381702121129,23004.03676584363,95399.04382932186,111424.29377794266,92981.24290855038,6558001.0241135955,11492.248824417591,20302.573631107807,163.75679352134466
472639.4112141569,19933.72174990177,16639.679167759437,34676.66081008634,107857.61775548756,43422.64924922373,10867.603082306166,18802.283323012292,74313.71100972593,83610.22698149085,58880.31644308937,4787466.7470020205,8391.388494580984,16055.328961908817,123.27163235098124
697259.8170395502,28949.46320027113,27053.55775861745,49612.97911213369,164795.94673717022,61744.346448888246,13339.344271965367,26267.420454621315,103274.42238676548,127701.5955799818,84319.75224226312,7339037.345828414,12837.156775295734,24257.92769730091,194.45841532945633
609453.4754873876,26195.52039784193,22853.03432395462,45598.57367693336,141555.42735111713,56819.01229544956,10561.939624782433,23417.121217280626,88838.74126750231,113424.46716368198,77631.0088359382,6799404.80226469,11868.983857035637,21504.72235277295,149.15684104710817
707503.4628259739,27178.32829451561,26035.716871047065,57845.020921240925,163059.73392689228,72544.51024201335,13410.473578919959,26272.78354460001,97096.49800407887,124680.2721297741,98565.22641042853,7312628.825398266,12793.239108383656,24140.540547966957,176.6284744888544
571608.8342386401,23276.781118273735,22219.56729767326,44220.36853563874,132767.11826190352,55593.65029671014,10090.483223491017,23225.683614253998,81344.41881361604,106888.91507029533,75508.5515170887,6383477.831628323,11170.583229959011,20027.306794077158,148.88710004091263
635472.8421191262,24294.608051359653,24606.17143316273,49942.40950755402,143034.67589515448,62635.51943847531,10783.891709289872,26388.619887560606,88836.58475476503,119835.2624464035,85139.58207074984,6923942.917380333,12137.001050710678,22073.54290097952,176.3726172670722
526424.3786403215,21010.059148192406,20309.04097429517,37090.28816917134,123528.81668153405,46396.12258356951,9331.608167757508,23940.263628304005,78500.66756743193,105366.88745677471,63417.40382690247,6079710.088841081,10648.330893695354,19173.450964987278,150.54995051398873
533184.5594151509,24092.511406719685,26986.825128412296,29685.399755953247,122679.08518001437,37236.83496212239,12498.202617826391,27949.84916946292,97635.86849319935,117220.72474896908,50580.030737049274,6818848.69079113,11928.51597571373,21174.816803634167,147.6843007542193
708916.0138611909,17179.41387268901,31795.05315763957,54814.07427626709,161887.0747320354,68264.28165166186,16009.395762901684,32700.660484790802,108814.04322969913,125684.1357165575,93302.3322679605,7347762.196781933,12827.289577662945,22424.608941078186,240.44926834106445
659453.2793094356,7698.628319583833,23521.357719254534,39891.83391335221,186404.310493052,50109.08938770801,13128.74457123686,34281.85064280033,108340.64022290707,127091.06488406658,68250.08430252073,6829891.595923901,11943.837385356426,19593.19459363818,324.5740659236908
641402.6978273316,14931.640612840652,16379.913334488887,42727.52362471976,159199.29327341914,53804.53289501052,13565.158924741936,30611.518871843815,105095.61859506369,126657.99930393696,72846.40361099198,7140604.397452414,12537.483933031559,22205.829743742943,252.6888247281313
581400.1890401755,15336.653170585632,14056.39210482837,39198.57815758564,134507.33997526765,49040.06484757757,13498.993629513796,28576.429406106472,101233.8100938797,121214.95729446411,66810.95093316544,6941993.697450101,12178.526263356209,21270.625490248203,184.9727740213275
622610.8785429769,15166.717503666878,14553.560045105232,43305.64589003425,143855.58365869522,54113.39802511508,13304.744657406029,30678.90655142069,104752.17879760265,126783.66366446018,73983.19487652904,7301774.596447587,12794.41679853201,22835.955580472946,196.14658576250076
621040.5418063293,14900.227764815092,14030.681343209755,44059.21419596542,142089.74899929762,55115.370312049934,12895.906290981624,30702.63930374384,104469.41515135765,126987.70199656487,75367.95767853828,7322459.104839623,12842.79399073124,22957.44733929634,190.01335908472538
594102.6386523268,13860.347813218832,13063.807770782718,42760.5863708759,135283.9800915718,53718.981625745364,11257.005193754067,29519.243655383587,101534.09540611506,125500.2160435915,73312.63551610868,7239791.625694215,12717.672497749329,22224.763815701008,181.58221334964037
465832.55567255587,9851.263833492994,11499.752236767117,32343.213437602295,109193.58700238168,40587.285007452105,11284.342148118136,21490.79396596551,76243.5256459117,89198.70483368635,55107.281394715144,5107810.056537837,8983.327273219824,16646.594154685736,114.36261676065624
620034.5995724602,14949.20563492179,15083.891460436596,47617.35676824976,138420.71282738447,59834.68807247533,14038.140087523727,26670.773048639297,98612.55371767282,120842.40416586399,81304.47891415987,6879137.445019186,12047.052895009518,21500.175385773182,157.6139749661088
561093.2790340836,16563.55616515875,15674.60951018335,40896.81507016386,126568.34957146645,51027.95315123277,11675.532922083592,23802.980135202408,93069.8162292242,111078.01656484604,69571.85867649429,6389672.965134382,11173.061664283276,19754.390743374825,142.14098981395364
612412.0040990107,23234.634133517742,21991.70076766018,52478.82716724622,129111.92519012094,65598.76151195324,12687.678730147225,22272.26040492952,93015.84889221191,108007.99837052822,89877.87746056623,6365807.590251505,11141.144131481647,19713.763107955456,157.76080095022917
477609.4447764003,20596.488049268723,17150.679682123682,35606.05165324304,107763.94519390166,44511.02268101057,10966.804257877735,18843.423045910895,75140.91007265449,84569.9746479094,60444.45580750544,4853322.586576328,8487.729938060045,16163.370760157704,123.23810278251767
688935.1265755135,28907.608588039875,26865.82353360658,48572.36730921836,161967.49589657784,60411.36572168076,13167.872445334313,25864.38267979026,102539.27870410681,126862.1510797739,82489.55934889676,7294567.348367631,12755.597591280937,23975.789443552494,190.30490328371525
617362.0283510557,26489.328205883503,23242.494198703804,46275.227725090546,142704.3863145709,57618.30218406672,10679.240847597946,23598.6148506701,89893.91810375452,114785.70197820663,78739.35598954273,6863207.849529743,11977.591657280922,21745.035630762577,150.6074865050614
